method,split,seed,mean_success_rate,ci95_success_rate,mean_harmful_transfer_rate,ci95_harmful_transfer_rate,mean_tactile_event_f1,ci95_tactile_event_f1,mean_damage_rate,ci95_damage_rate,mean_query_cost,ci95_query_cost,mean_calibration_error,ci95_calibration_error,groups,episodes_per_group
domain_adversarial_transfer,clean_transfer,0,0.616667,0.021997,0.101183,0.005512,0.555384,0.006224,0.078720,0.003143,0.178861,0.001416,0.102441,0.001114,35,84
domain_adversarial_transfer,clean_transfer,1,0.617007,0.022545,0.101044,0.005801,0.555157,0.006600,0.078613,0.002870,0.178538,0.001357,0.102373,0.001228,35,84
domain_adversarial_transfer,clean_transfer,2,0.607483,0.019475,0.101591,0.005806,0.553901,0.006271,0.078592,0.002752,0.178620,0.001255,0.102778,0.001231,35,84
domain_adversarial_transfer,clean_transfer,3,0.627891,0.024488,0.101451,0.005830,0.554188,0.006027,0.078211,0.002847,0.178392,0.001440,0.102938,0.001355,35,84
domain_adversarial_transfer,clean_transfer,4,0.623129,0.021173,0.100626,0.006324,0.554476,0.006335,0.077706,0.002941,0.178389,0.001358,0.103084,0.001405,35,84
domain_adversarial_transfer,clean_transfer,5,0.609524,0.022612,0.100143,0.006194,0.555278,0.006322,0.078141,0.002776,0.178545,0.001411,0.103237,0.001520,35,84
domain_adversarial_transfer,clean_transfer,6,0.617007,0.023067,0.100004,0.006142,0.555051,0.006058,0.078084,0.002638,0.178322,0.001487,0.102941,0.001541,35,84
domain_adversarial_transfer,combined_stress,0,0.517007,0.023063,0.170769,0.006969,0.526212,0.006088,0.100799,0.003063,0.196826,0.001640,0.118491,0.001358,35,84
domain_adversarial_transfer,combined_stress,1,0.524830,0.032275,0.170979,0.006952,0.526509,0.006286,0.100772,0.003224,0.197057,0.001779,0.118435,0.001280,35,84
domain_adversarial_transfer,combined_stress,2,0.516327,0.025758,0.171189,0.007027,0.526291,0.006470,0.101382,0.003135,0.197354,0.001821,0.118836,0.001283,35,84
domain_adversarial_transfer,combined_stress,3,0.503401,0.026433,0.170712,0.006664,0.526073,0.006397,0.101577,0.003217,0.197731,0.001846,0.118765,0.001332,35,84
domain_adversarial_transfer,combined_stress,4,0.515986,0.029730,0.170922,0.006738,0.526884,0.006383,0.101431,0.003376,0.197419,0.001905,0.119166,0.001336,35,84
domain_adversarial_transfer,combined_stress,5,0.498299,0.028715,0.171132,0.006653,0.527695,0.006368,0.102042,0.003244,0.197881,0.001758,0.119110,0.001371,35,84
domain_adversarial_transfer,combined_stress,6,0.513605,0.023317,0.170998,0.006673,0.526962,0.006188,0.101565,0.003136,0.197521,0.001771,0.119046,0.001445,35,84
domain_adversarial_transfer,heldout_geometry,0,0.554422,0.025314,0.144053,0.006185,0.538330,0.006019,0.092384,0.003351,0.189742,0.001563,0.113051,0.001303,35,84
domain_adversarial_transfer,heldout_geometry,1,0.552381,0.026941,0.143583,0.006028,0.537606,0.006368,0.092082,0.003167,0.190155,0.001512,0.112983,0.001383,35,84
domain_adversarial_transfer,heldout_geometry,2,0.557483,0.024547,0.143455,0.006152,0.537912,0.006462,0.091636,0.003101,0.189982,0.001542,0.113152,0.001437,35,84
domain_adversarial_transfer,heldout_geometry,3,0.557823,0.022660,0.143671,0.005957,0.538217,0.006206,0.091801,0.003077,0.190124,0.001606,0.113557,0.001435,35,84
domain_adversarial_transfer,heldout_geometry,4,0.558503,0.026412,0.143887,0.005945,0.538008,0.006591,0.091957,0.003089,0.189802,0.001734,0.112819,0.001341,35,84
domain_adversarial_transfer,heldout_geometry,5,0.566667,0.028428,0.144102,0.005921,0.537799,0.006325,0.091927,0.003107,0.189346,0.001583,0.112996,0.001237,35,84
domain_adversarial_transfer,heldout_geometry,6,0.550680,0.020524,0.144318,0.005732,0.536046,0.006613,0.092728,0.002843,0.190010,0.001384,0.112944,0.001178,35,84
domain_adversarial_transfer,heldout_material,0,0.577211,0.023282,0.133660,0.005770,0.540113,0.006565,0.088548,0.002809,0.186625,0.001373,0.110820,0.001389,35,84
domain_adversarial_transfer,heldout_material,1,0.572789,0.024120,0.133876,0.005581,0.540419,0.006435,0.089061,0.002880,0.187081,0.001479,0.110311,0.001326,35,84
domain_adversarial_transfer,heldout_material,2,0.574490,0.025531,0.134092,0.005672,0.540724,0.006615,0.089421,0.002885,0.186969,0.001452,0.110258,0.001271,35,84
domain_adversarial_transfer,heldout_material,3,0.555442,0.021665,0.133964,0.005875,0.541030,0.006597,0.089807,0.002875,0.187231,0.001546,0.110656,0.001274,35,84
domain_adversarial_transfer,heldout_material,4,0.592177,0.023123,0.133151,0.006220,0.540821,0.006314,0.089188,0.002898,0.186718,0.001504,0.110581,0.001218,35,84
domain_adversarial_transfer,heldout_material,5,0.562245,0.026837,0.133024,0.006340,0.541126,0.006141,0.089389,0.002810,0.187633,0.001535,0.110750,0.001262,35,84
domain_adversarial_transfer,heldout_material,6,0.564966,0.020921,0.132896,0.006139,0.541431,0.006340,0.089460,0.002697,0.187503,0.001579,0.110004,0.001261,35,84
domain_adversarial_transfer,heldout_object,0,0.588776,0.016960,0.121105,0.005742,0.547194,0.006425,0.084908,0.002886,0.184279,0.001371,0.106963,0.001222,35,84
domain_adversarial_transfer,heldout_object,1,0.601361,0.023516,0.120966,0.006032,0.546453,0.006259,0.084723,0.002900,0.183506,0.001339,0.107352,0.001233,35,84
domain_adversarial_transfer,heldout_object,2,0.589796,0.016605,0.120827,0.006058,0.545711,0.006020,0.084685,0.002739,0.183854,0.001218,0.107513,0.001359,35,84
domain_adversarial_transfer,heldout_object,3,0.593878,0.022017,0.120687,0.006449,0.546513,0.006006,0.084255,0.002878,0.183692,0.001410,0.107902,0.001369,35,84
domain_adversarial_transfer,heldout_object,4,0.590476,0.020024,0.119519,0.006424,0.546800,0.006315,0.084139,0.002746,0.183664,0.001286,0.107811,0.001520,35,84
domain_adversarial_transfer,heldout_object,5,0.593878,0.025250,0.119722,0.006395,0.547088,0.006202,0.084446,0.002922,0.183514,0.001622,0.107751,0.001495,35,84
domain_adversarial_transfer,heldout_object,6,0.587075,0.025841,0.119583,0.006289,0.546861,0.006021,0.084518,0.002768,0.183548,0.001640,0.107683,0.001548,35,84
ensemble_disagreement_filter,clean_transfer,0,0.626190,0.020676,0.081704,0.004475,0.563697,0.006432,0.065360,0.002828,0.248598,0.001603,0.080118,0.001323,35,84
ensemble_disagreement_filter,clean_transfer,1,0.633673,0.023685,0.081570,0.004357,0.564508,0.006418,0.065308,0.003003,0.248607,0.001613,0.080054,0.001391,35,84
ensemble_disagreement_filter,clean_transfer,2,0.638435,0.021177,0.082123,0.004362,0.564290,0.006271,0.065392,0.002905,0.248207,0.001447,0.080234,0.001498,35,84
ensemble_disagreement_filter,clean_transfer,3,0.608844,0.022025,0.081990,0.004398,0.564071,0.005928,0.065809,0.002681,0.248198,0.001383,0.079942,0.001442,35,84
ensemble_disagreement_filter,clean_transfer,4,0.614966,0.020110,0.081513,0.004343,0.564368,0.005917,0.065984,0.002639,0.248231,0.001446,0.080099,0.001481,35,84
ensemble_disagreement_filter,clean_transfer,5,0.639116,0.022632,0.081723,0.004254,0.564664,0.006238,0.065549,0.002532,0.247940,0.001308,0.080500,0.001484,35,84
ensemble_disagreement_filter,clean_transfer,6,0.620748,0.020340,0.081590,0.004307,0.564446,0.006673,0.064999,0.002636,0.248415,0.001374,0.080894,0.001484,35,84
ensemble_disagreement_filter,combined_stress,0,0.542177,0.023555,0.133544,0.005325,0.534621,0.006443,0.086231,0.002662,0.266323,0.001391,0.096735,0.001257,35,84
ensemble_disagreement_filter,combined_stress,1,0.565306,0.027796,0.132730,0.005536,0.534412,0.006155,0.085952,0.002883,0.266283,0.001551,0.096661,0.001204,35,84
ensemble_disagreement_filter,combined_stress,2,0.533333,0.022470,0.132946,0.005584,0.535232,0.006141,0.086010,0.002562,0.267235,0.001497,0.096837,0.001245,35,84
ensemble_disagreement_filter,combined_stress,3,0.542177,0.022441,0.132476,0.005564,0.535537,0.006340,0.085894,0.002544,0.266995,0.001586,0.096541,0.001231,35,84
ensemble_disagreement_filter,combined_stress,4,0.541156,0.022724,0.133034,0.005569,0.535328,0.006306,0.086356,0.002629,0.267161,0.001671,0.095811,0.001296,35,84
ensemble_disagreement_filter,combined_stress,5,0.539116,0.022055,0.133250,0.005766,0.535119,0.006191,0.086351,0.002683,0.267346,0.001575,0.095987,0.001270,35,84
ensemble_disagreement_filter,combined_stress,6,0.530612,0.021630,0.133466,0.005811,0.535425,0.006115,0.086508,0.002747,0.267418,0.001616,0.095935,0.001274,35,84
ensemble_disagreement_filter,heldout_geometry,0,0.574490,0.024859,0.113589,0.004953,0.546825,0.006400,0.077972,0.002801,0.259598,0.001776,0.089881,0.001339,35,84
ensemble_disagreement_filter,heldout_geometry,1,0.578571,0.023376,0.114154,0.004958,0.545596,0.006199,0.077853,0.002697,0.259219,0.001707,0.090069,0.001288,35,84
ensemble_disagreement_filter,heldout_geometry,2,0.585714,0.023447,0.114375,0.004878,0.546425,0.006184,0.077853,0.002560,0.259014,0.001614,0.089793,0.001470,35,84
ensemble_disagreement_filter,heldout_geometry,3,0.586054,0.022679,0.112882,0.004904,0.546740,0.006017,0.077165,0.002810,0.259159,0.001666,0.089249,0.001347,35,84
ensemble_disagreement_filter,heldout_geometry,4,0.571769,0.023616,0.113104,0.004889,0.546540,0.006353,0.077928,0.002805,0.259568,0.001600,0.089430,0.001227,35,84
ensemble_disagreement_filter,heldout_geometry,5,0.562245,0.020696,0.113668,0.004894,0.545825,0.006382,0.077921,0.002853,0.259892,0.001395,0.089618,0.001342,35,84
ensemble_disagreement_filter,heldout_geometry,6,0.561224,0.022559,0.113547,0.005166,0.546139,0.006266,0.078319,0.002871,0.260290,0.001419,0.090020,0.001350,35,84
ensemble_disagreement_filter,heldout_material,0,0.581293,0.021634,0.105176,0.005013,0.550406,0.006371,0.074618,0.002970,0.256882,0.001436,0.086663,0.001343,35,84
ensemble_disagreement_filter,heldout_material,1,0.591156,0.022021,0.105741,0.005019,0.550206,0.006357,0.074584,0.002862,0.257085,0.001438,0.086852,0.001222,35,84
ensemble_disagreement_filter,heldout_material,2,0.571429,0.021960,0.105276,0.005169,0.550520,0.006145,0.075187,0.002966,0.257591,0.001487,0.087246,0.001227,35,84
ensemble_disagreement_filter,heldout_material,3,0.587415,0.020978,0.104812,0.004841,0.550320,0.006396,0.074896,0.002709,0.257455,0.001437,0.087411,0.001336,35,84
ensemble_disagreement_filter,heldout_material,4,0.575850,0.018427,0.105377,0.004846,0.550120,0.006566,0.075169,0.002728,0.258044,0.001315,0.087600,0.001315,35,84
ensemble_disagreement_filter,heldout_material,5,0.591837,0.020992,0.105255,0.004862,0.549920,0.006287,0.074455,0.002906,0.256993,0.001283,0.088001,0.001318,35,84
ensemble_disagreement_filter,heldout_material,6,0.600680,0.022724,0.105134,0.004973,0.550749,0.006273,0.074149,0.003121,0.257215,0.001338,0.088403,0.001324,35,84
ensemble_disagreement_filter,heldout_object,0,0.601020,0.020591,0.095767,0.004576,0.556057,0.006411,0.071368,0.002803,0.253754,0.001609,0.084755,0.001277,35,84
ensemble_disagreement_filter,heldout_object,1,0.606463,0.021728,0.096319,0.004581,0.556354,0.006234,0.071206,0.002984,0.253800,0.001626,0.084707,0.001498,35,84
ensemble_disagreement_filter,heldout_object,2,0.579932,0.020684,0.096529,0.004565,0.556650,0.006250,0.071809,0.002710,0.253964,0.001380,0.084650,0.001461,35,84
ensemble_disagreement_filter,heldout_object,3,0.620408,0.017606,0.096739,0.004621,0.556432,0.005907,0.070966,0.002522,0.252693,0.001359,0.084594,0.001484,35,84
ensemble_disagreement_filter,heldout_object,4,0.601361,0.019542,0.095919,0.004473,0.556214,0.006233,0.071508,0.002632,0.253180,0.001297,0.084972,0.001487,35,84
ensemble_disagreement_filter,heldout_object,5,0.609184,0.025172,0.096129,0.004445,0.557025,0.006219,0.070338,0.002819,0.253411,0.001437,0.085374,0.001487,35,84
ensemble_disagreement_filter,heldout_object,6,0.601020,0.019914,0.095996,0.004500,0.556293,0.006818,0.070905,0.002618,0.253473,0.001296,0.085081,0.001232,35,84
frozen_pretrained_tactile,clean_transfer,0,0.623810,0.023396,0.150338,0.008988,0.508802,0.006636,0.101750,0.003219,0.124434,0.001569,0.140804,0.001282,35,84
frozen_pretrained_tactile,clean_transfer,1,0.603401,0.023872,0.150873,0.008993,0.509586,0.006621,0.102221,0.003023,0.124933,0.001713,0.140743,0.001264,35,84
frozen_pretrained_tactile,clean_transfer,2,0.611905,0.025618,0.150721,0.008863,0.509341,0.006518,0.101672,0.003164,0.125140,0.001650,0.140438,0.001261,35,84
frozen_pretrained_tactile,clean_transfer,3,0.618707,0.022646,0.150570,0.008933,0.509611,0.006643,0.101851,0.003199,0.124921,0.001792,0.140590,0.001291,35,84
frozen_pretrained_tactile,clean_transfer,4,0.622449,0.029196,0.150076,0.008919,0.509880,0.006581,0.101386,0.003313,0.124757,0.001882,0.140278,0.001282,35,84
frozen_pretrained_tactile,clean_transfer,5,0.627891,0.022764,0.149924,0.008890,0.510150,0.006426,0.101142,0.003156,0.124562,0.001652,0.140201,0.001344,35,84
frozen_pretrained_tactile,clean_transfer,6,0.629592,0.020799,0.149430,0.008991,0.510419,0.006314,0.101186,0.003128,0.124892,0.001570,0.140575,0.001346,35,84
frozen_pretrained_tactile,combined_stress,0,0.456463,0.035198,0.266283,0.009508,0.479439,0.005874,0.130072,0.003502,0.144218,0.002009,0.158017,0.001442,35,84
frozen_pretrained_tactile,combined_stress,1,0.469728,0.030406,0.266823,0.009513,0.479203,0.005928,0.129706,0.003489,0.143657,0.001673,0.157960,0.001333,35,84
frozen_pretrained_tactile,combined_stress,2,0.460204,0.031883,0.267021,0.009711,0.479996,0.005915,0.129875,0.003738,0.143964,0.001735,0.158353,0.001339,35,84
frozen_pretrained_tactile,combined_stress,3,0.466327,0.028816,0.267219,0.009793,0.479760,0.006228,0.129881,0.003632,0.143990,0.001656,0.158746,0.001344,35,84
frozen_pretrained_tactile,combined_stress,4,0.453741,0.030367,0.267073,0.009761,0.479524,0.006162,0.130550,0.003746,0.144352,0.001694,0.158445,0.001378,35,84
frozen_pretrained_tactile,combined_stress,5,0.466667,0.029309,0.267271,0.009681,0.479802,0.006281,0.130158,0.003859,0.144027,0.001584,0.157923,0.001310,35,84
frozen_pretrained_tactile,combined_stress,6,0.470748,0.029177,0.267469,0.009658,0.480081,0.006518,0.129986,0.003850,0.144089,0.001547,0.157858,0.001297,35,84
frozen_pretrained_tactile,heldout_geometry,0,0.517007,0.027280,0.223406,0.008810,0.491382,0.006413,0.119614,0.003623,0.137098,0.001694,0.151457,0.001028,35,84
frozen_pretrained_tactile,heldout_geometry,1,0.513265,0.035026,0.222924,0.009188,0.491670,0.006413,0.119574,0.003780,0.136847,0.001691,0.151382,0.001163,35,84
frozen_pretrained_tactile,heldout_geometry,2,0.514626,0.023433,0.222784,0.009346,0.492472,0.006397,0.119441,0.003659,0.136734,0.001446,0.151543,0.001297,35,84
frozen_pretrained_tactile,heldout_geometry,3,0.519388,0.027923,0.222988,0.009172,0.493274,0.006382,0.119486,0.003603,0.137017,0.001564,0.151711,0.001425,35,84
frozen_pretrained_tactile,heldout_geometry,4,0.520408,0.027385,0.222849,0.009041,0.493047,0.006236,0.119133,0.003523,0.136909,0.001552,0.152100,0.001426,35,84
frozen_pretrained_tactile,heldout_geometry,5,0.520068,0.026780,0.223052,0.009093,0.493849,0.006220,0.119535,0.003532,0.136827,0.001503,0.152040,0.001575,35,84
frozen_pretrained_tactile,heldout_geometry,6,0.520068,0.028065,0.223256,0.009182,0.492593,0.006079,0.119013,0.003362,0.136738,0.001521,0.152208,0.001495,35,84
frozen_pretrained_tactile,heldout_material,0,0.547959,0.030075,0.205037,0.009228,0.497290,0.006408,0.114780,0.003473,0.133379,0.001369,0.149283,0.001419,35,84
frozen_pretrained_tactile,heldout_material,1,0.528571,0.031161,0.204898,0.009251,0.495519,0.006247,0.115166,0.003387,0.134097,0.001459,0.149216,0.001566,35,84
frozen_pretrained_tactile,heldout_material,2,0.550680,0.029411,0.204759,0.009651,0.495806,0.006003,0.114057,0.003526,0.133381,0.001500,0.149605,0.001580,35,84
frozen_pretrained_tactile,heldout_material,3,0.558503,0.027348,0.204276,0.009732,0.496094,0.006313,0.113957,0.003321,0.133380,0.001420,0.149301,0.001604,35,84
frozen_pretrained_tactile,heldout_material,4,0.545918,0.028152,0.203794,0.009599,0.496896,0.006299,0.114596,0.003277,0.133518,0.001628,0.149454,0.001609,35,84
frozen_pretrained_tactile,heldout_material,5,0.550340,0.024464,0.203655,0.009497,0.496669,0.006036,0.114387,0.003233,0.133349,0.001724,0.148928,0.001643,35,84
frozen_pretrained_tactile,heldout_material,6,0.541497,0.023005,0.204201,0.009502,0.496442,0.006268,0.114806,0.003095,0.133648,0.001755,0.148876,0.001597,35,84
frozen_pretrained_tactile,heldout_object,0,0.568367,0.023574,0.183563,0.009225,0.501055,0.006615,0.110154,0.003071,0.130087,0.001631,0.145586,0.001266,35,84
frozen_pretrained_tactile,heldout_object,1,0.585714,0.029121,0.183412,0.009093,0.500810,0.006512,0.109384,0.003380,0.130135,0.001767,0.145509,0.001276,35,84
frozen_pretrained_tactile,heldout_object,2,0.580272,0.027062,0.183946,0.009097,0.501079,0.006636,0.109709,0.003265,0.130136,0.001850,0.145448,0.001293,35,84
frozen_pretrained_tactile,heldout_object,3,0.586735,0.030228,0.183109,0.009179,0.501349,0.006575,0.109371,0.003543,0.129923,0.001928,0.145586,0.001180,35,84
frozen_pretrained_tactile,heldout_object,4,0.570408,0.025603,0.182958,0.009139,0.502133,0.006560,0.109900,0.003262,0.130349,0.001747,0.145052,0.001349,35,84
frozen_pretrained_tactile,heldout_object,5,0.594218,0.029613,0.182463,0.009180,0.501888,0.006308,0.109162,0.003321,0.130052,0.001685,0.145426,0.001352,35,84
frozen_pretrained_tactile,heldout_object,6,0.585714,0.024959,0.182655,0.009223,0.502672,0.006294,0.109301,0.003310,0.130108,0.001506,0.145128,0.001454,35,84
full_finetune_pretrained,clean_transfer,0,0.644218,0.026210,0.121756,0.007156,0.543284,0.005874,0.088818,0.003087,0.148380,0.001725,0.123798,0.001466,35,84
full_finetune_pretrained,clean_transfer,1,0.650000,0.021027,0.122284,0.007160,0.543545,0.005745,0.088629,0.003171,0.148175,0.001612,0.123733,0.001528,35,84
full_finetune_pretrained,clean_transfer,2,0.663265,0.020215,0.122470,0.007089,0.543291,0.005843,0.088677,0.003083,0.147607,0.001671,0.123431,0.001544,35,84
full_finetune_pretrained,clean_transfer,3,0.641497,0.019992,0.122313,0.007156,0.543551,0.006063,0.089108,0.003248,0.147898,0.001586,0.123122,0.001461,35,84
full_finetune_pretrained,clean_transfer,4,0.665986,0.025756,0.121812,0.007278,0.541754,0.006401,0.088349,0.003485,0.147356,0.001637,0.123263,0.001412,35,84
full_finetune_pretrained,clean_transfer,5,0.644218,0.022490,0.120626,0.007208,0.540985,0.006470,0.088678,0.003052,0.148104,0.001588,0.123388,0.001446,35,84
full_finetune_pretrained,clean_transfer,6,0.645238,0.021704,0.120125,0.007113,0.541760,0.006457,0.088963,0.003081,0.148214,0.001595,0.123529,0.001338,35,84
full_finetune_pretrained,combined_stress,0,0.499660,0.030060,0.209941,0.007122,0.515369,0.006043,0.114209,0.003488,0.167254,0.001786,0.140815,0.001525,35,84
full_finetune_pretrained,combined_stress,1,0.518027,0.024675,0.209789,0.007303,0.515124,0.005869,0.113413,0.003146,0.167283,0.001714,0.141197,0.001529,35,84
full_finetune_pretrained,combined_stress,2,0.509184,0.021112,0.209981,0.007517,0.515393,0.006087,0.113789,0.003142,0.167346,0.001554,0.141128,0.001485,35,84
full_finetune_pretrained,combined_stress,3,0.517347,0.028366,0.209830,0.007780,0.515148,0.005868,0.113934,0.003283,0.167330,0.001691,0.140823,0.001299,35,84
full_finetune_pretrained,combined_stress,4,0.517007,0.025259,0.209335,0.008079,0.515418,0.005749,0.114029,0.003259,0.167240,0.001481,0.140968,0.001342,35,84
full_finetune_pretrained,combined_stress,5,0.502381,0.024590,0.209184,0.008052,0.515173,0.005937,0.114287,0.003283,0.167863,0.001503,0.140892,0.001386,35,84
full_finetune_pretrained,combined_stress,6,0.518367,0.026220,0.209032,0.007849,0.513898,0.006260,0.113779,0.003157,0.167707,0.001566,0.141044,0.001376,35,84
full_finetune_pretrained,heldout_geometry,0,0.546599,0.028575,0.175761,0.007397,0.526196,0.006416,0.105150,0.003275,0.160797,0.001626,0.134408,0.001391,35,84
full_finetune_pretrained,heldout_geometry,1,0.560204,0.031025,0.175959,0.007604,0.526989,0.006401,0.104741,0.003293,0.160231,0.001542,0.134344,0.001496,35,84
full_finetune_pretrained,heldout_geometry,2,0.554422,0.021924,0.175813,0.007881,0.526753,0.006378,0.104325,0.002927,0.160470,0.001485,0.134729,0.001504,35,84
full_finetune_pretrained,heldout_geometry,3,0.557143,0.035066,0.176011,0.007801,0.527032,0.006315,0.104645,0.003290,0.160329,0.001831,0.134436,0.001469,35,84
full_finetune_pretrained,heldout_geometry,4,0.571088,0.025515,0.175865,0.007697,0.527310,0.006301,0.104422,0.002988,0.159985,0.001635,0.134592,0.001371,35,84
full_finetune_pretrained,heldout_geometry,5,0.545918,0.024965,0.176063,0.007522,0.528103,0.006285,0.104982,0.003037,0.160573,0.001789,0.134299,0.001510,35,84
full_finetune_pretrained,heldout_geometry,6,0.561224,0.031278,0.176261,0.007515,0.527867,0.006368,0.104301,0.003094,0.159519,0.002049,0.134006,0.001494,35,84
full_finetune_pretrained,heldout_material,0,0.582313,0.021758,0.162610,0.007338,0.529792,0.005828,0.100607,0.002868,0.156881,0.001876,0.131779,0.001400,35,84
full_finetune_pretrained,heldout_material,1,0.584694,0.028630,0.161778,0.007421,0.529041,0.006045,0.100375,0.003013,0.156287,0.001918,0.131463,0.001477,35,84
full_finetune_pretrained,heldout_material,2,0.568367,0.026756,0.161290,0.007161,0.528291,0.006247,0.100646,0.002933,0.156946,0.001830,0.131384,0.001474,35,84
full_finetune_pretrained,heldout_material,3,0.573129,0.021584,0.160802,0.007250,0.527540,0.005878,0.100389,0.002798,0.156996,0.001715,0.131761,0.001476,35,84
full_finetune_pretrained,heldout_material,4,0.595238,0.019604,0.161342,0.007255,0.527304,0.005929,0.100030,0.002862,0.156276,0.001467,0.131476,0.001310,35,84
full_finetune_pretrained,heldout_material,5,0.585034,0.026408,0.161883,0.007260,0.528097,0.005916,0.100250,0.003207,0.156596,0.001570,0.131647,0.001301,35,84
full_finetune_pretrained,heldout_material,6,0.573810,0.030292,0.161738,0.007535,0.527861,0.006231,0.100427,0.003439,0.157162,0.001711,0.132032,0.001310,35,84
full_finetune_pretrained,heldout_object,0,0.621769,0.025811,0.146982,0.007389,0.535501,0.005852,0.095581,0.003048,0.153423,0.001675,0.128617,0.001487,35,84
full_finetune_pretrained,heldout_object,1,0.600340,0.024356,0.147168,0.007317,0.535247,0.005968,0.096267,0.003223,0.153937,0.001689,0.128544,0.001622,35,84
full_finetune_pretrained,heldout_object,2,0.628912,0.027333,0.147353,0.007408,0.535508,0.005822,0.095932,0.003316,0.152636,0.001734,0.128242,0.001536,35,84
full_finetune_pretrained,heldout_object,3,0.609524,0.023987,0.147196,0.007313,0.534739,0.006481,0.096304,0.003358,0.153112,0.001700,0.127933,0.001411,35,84
full_finetune_pretrained,heldout_object,4,0.607143,0.029869,0.146695,0.007587,0.533970,0.006382,0.096216,0.003428,0.153283,0.001683,0.128074,0.001452,35,84
full_finetune_pretrained,heldout_object,5,0.602041,0.028654,0.145509,0.007254,0.533202,0.006449,0.096128,0.003260,0.153731,0.001640,0.128200,0.001340,35,84
full_finetune_pretrained,heldout_object,6,0.605442,0.024070,0.144666,0.007284,0.533977,0.006436,0.096320,0.003111,0.153569,0.001496,0.128333,0.001282,35,84
no_tactile_policy,clean_transfer,0,0.393197,0.022177,0.081809,0.004811,0.312768,0.006330,0.097564,0.002924,0.086612,0.001514,0.112204,0.001190,35,84
no_tactile_policy,clean_transfer,1,0.396939,0.020978,0.081952,0.004652,0.313480,0.006316,0.097360,0.002846,0.086873,0.001576,0.112102,0.001356,35,84
no_tactile_policy,clean_transfer,2,0.393537,0.020313,0.082096,0.004486,0.313677,0.006291,0.097334,0.002559,0.086576,0.001486,0.112229,0.001312,35,84
no_tactile_policy,clean_transfer,3,0.405102,0.019428,0.080524,0.004417,0.314389,0.006277,0.097221,0.002663,0.086468,0.001535,0.112318,0.001310,35,84
no_tactile_policy,clean_transfer,4,0.403741,0.016716,0.081011,0.004421,0.314587,0.006402,0.097407,0.002489,0.086364,0.001404,0.112681,0.001313,35,84
no_tactile_policy,clean_transfer,5,0.405442,0.022330,0.081155,0.004506,0.314270,0.006881,0.097483,0.002660,0.086433,0.001477,0.112579,0.001438,35,84
no_tactile_policy,clean_transfer,6,0.402721,0.023557,0.081298,0.004329,0.313953,0.006819,0.097669,0.002600,0.086581,0.001458,0.112706,0.001404,35,84
no_tactile_policy,combined_stress,0,0.327891,0.016439,0.131989,0.004891,0.285724,0.006213,0.118018,0.002885,0.105361,0.001599,0.128087,0.001436,35,84
no_tactile_policy,combined_stress,1,0.328231,0.021986,0.131452,0.005072,0.285931,0.006238,0.118064,0.002813,0.105459,0.001657,0.128203,0.001350,35,84
no_tactile_policy,combined_stress,2,0.320068,0.018169,0.131602,0.004887,0.285623,0.006226,0.118391,0.002636,0.105481,0.001602,0.128105,0.001295,35,84
no_tactile_policy,combined_stress,3,0.331973,0.022753,0.131408,0.005057,0.284800,0.006192,0.117953,0.002858,0.104913,0.001667,0.128229,0.001261,35,84
no_tactile_policy,combined_stress,4,0.327551,0.023864,0.131215,0.005305,0.285521,0.006177,0.118152,0.002924,0.105096,0.001622,0.128352,0.001221,35,84
no_tactile_policy,combined_stress,5,0.331293,0.018262,0.131365,0.005501,0.286242,0.006162,0.117953,0.002816,0.104446,0.001386,0.128483,0.001123,35,84
no_tactile_policy,combined_stress,6,0.339456,0.017413,0.131857,0.005506,0.285420,0.006105,0.117906,0.002769,0.104175,0.001301,0.128164,0.001000,35,84
no_tactile_policy,heldout_geometry,0,0.359864,0.017194,0.111075,0.005089,0.295429,0.006365,0.110848,0.002868,0.097989,0.001265,0.122159,0.001304,35,84
no_tactile_policy,heldout_geometry,1,0.369728,0.024759,0.110887,0.005314,0.294615,0.006296,0.110008,0.003188,0.097233,0.001555,0.122057,0.001188,35,84
no_tactile_policy,heldout_geometry,2,0.381973,0.019937,0.111043,0.005229,0.295345,0.006282,0.109600,0.003176,0.096892,0.001413,0.122421,0.001191,35,84
no_tactile_policy,heldout_geometry,3,0.365646,0.018538,0.111199,0.005206,0.295561,0.006207,0.110136,0.003065,0.096836,0.001434,0.122328,0.001223,35,84
no_tactile_policy,heldout_geometry,4,0.368707,0.025299,0.110668,0.005051,0.296291,0.006194,0.109661,0.002932,0.096889,0.001576,0.122448,0.001275,35,84
no_tactile_policy,heldout_geometry,5,0.354082,0.020546,0.111167,0.005057,0.296506,0.006261,0.109959,0.002779,0.097488,0.001540,0.121905,0.001279,35,84
no_tactile_policy,heldout_geometry,6,0.369048,0.019251,0.111323,0.004967,0.296722,0.006131,0.109255,0.002935,0.097327,0.001468,0.121811,0.001411,35,84
no_tactile_policy,heldout_material,0,0.386735,0.021631,0.104037,0.004799,0.300337,0.006750,0.106576,0.002748,0.094357,0.001719,0.119561,0.001387,35,84
no_tactile_policy,heldout_material,1,0.369048,0.017192,0.104535,0.004805,0.300552,0.006580,0.106723,0.002680,0.094555,0.001573,0.119704,0.001433,35,84
no_tactile_policy,heldout_material,2,0.375850,0.017279,0.105034,0.004812,0.300253,0.006660,0.106943,0.002542,0.094769,0.001496,0.119846,0.001539,35,84
no_tactile_policy,heldout_material,3,0.370748,0.018552,0.105190,0.004634,0.299954,0.006367,0.106512,0.002705,0.094968,0.001394,0.119753,0.001538,35,84
no_tactile_policy,heldout_material,4,0.369388,0.023732,0.105345,0.004727,0.299655,0.005990,0.106673,0.002685,0.095101,0.001564,0.119660,0.001358,35,84
no_tactile_policy,heldout_material,5,0.353061,0.020693,0.105501,0.004943,0.299356,0.005587,0.107209,0.002673,0.095274,0.001512,0.120023,0.001367,35,84
no_tactile_policy,heldout_material,6,0.375850,0.020456,0.105314,0.005139,0.298028,0.005978,0.106961,0.002729,0.094971,0.001508,0.119694,0.001265,35,84
no_tactile_policy,heldout_object,0,0.385034,0.021791,0.096025,0.005042,0.304733,0.006309,0.102986,0.002757,0.091515,0.001415,0.116668,0.001248,35,84
no_tactile_policy,heldout_object,1,0.372789,0.022953,0.096168,0.004880,0.305445,0.006295,0.103181,0.002797,0.092063,0.001477,0.116795,0.001360,35,84
no_tactile_policy,heldout_object,2,0.384014,0.022441,0.096312,0.004714,0.305642,0.006270,0.102790,0.002681,0.091504,0.001567,0.116693,0.001313,35,84
no_tactile_policy,heldout_object,3,0.379932,0.025674,0.094741,0.004644,0.306354,0.006255,0.103068,0.002795,0.091677,0.001661,0.117011,0.001315,35,84
no_tactile_policy,heldout_object,4,0.385034,0.015570,0.095227,0.004648,0.306552,0.006380,0.103092,0.002530,0.091456,0.001442,0.117146,0.001322,35,84
no_tactile_policy,heldout_object,5,0.375170,0.017829,0.095371,0.004732,0.306235,0.006860,0.103457,0.002598,0.091505,0.001398,0.117273,0.001444,35,84
no_tactile_policy,heldout_object,6,0.381633,0.016649,0.095515,0.004556,0.305917,0.006798,0.103414,0.002513,0.091488,0.001291,0.117400,0.001410,35,84
oracle_feature_selector,clean_transfer,0,0.778571,0.018380,0.045007,0.002459,0.685621,0.006460,0.033792,0.002517,0.172466,0.001543,0.042382,0.001339,35,84
oracle_feature_selector,clean_transfer,1,0.780272,0.016356,0.045187,0.002286,0.684844,0.006367,0.034124,0.002576,0.172788,0.001562,0.042305,0.001428,35,84
oracle_feature_selector,clean_transfer,2,0.763605,0.020475,0.045709,0.002289,0.685610,0.006352,0.034492,0.002512,0.173212,0.001497,0.042464,0.001427,35,84
oracle_feature_selector,clean_transfer,3,0.793197,0.017221,0.045546,0.002251,0.686376,0.006338,0.034093,0.002337,0.172574,0.001464,0.042151,0.001228,35,84
oracle_feature_selector,clean_transfer,4,0.772789,0.021525,0.046069,0.002257,0.684569,0.006227,0.034326,0.002535,0.172608,0.001689,0.042539,0.001231,35,84
oracle_feature_selector,clean_transfer,5,0.781633,0.017454,0.044876,0.002369,0.684821,0.006137,0.033884,0.002570,0.171886,0.001658,0.042660,0.001192,35,84
oracle_feature_selector,clean_transfer,6,0.771088,0.016817,0.044713,0.002590,0.685587,0.006122,0.033802,0.002451,0.171514,0.001563,0.041661,0.001220,35,84
oracle_feature_selector,combined_stress,0,0.730952,0.015840,0.060763,0.002977,0.657095,0.006535,0.049475,0.002203,0.189552,0.000956,0.057992,0.001169,35,84
oracle_feature_selector,combined_stress,1,0.737075,0.019164,0.060948,0.003022,0.657356,0.006676,0.049014,0.002369,0.189569,0.001086,0.058377,0.001174,35,84
oracle_feature_selector,combined_stress,2,0.742857,0.017669,0.060448,0.003067,0.657102,0.006472,0.049180,0.002363,0.189364,0.001290,0.058289,0.001285,35,84
oracle_feature_selector,combined_stress,3,0.750680,0.021896,0.060634,0.002869,0.656848,0.006308,0.048906,0.002525,0.189123,0.001452,0.057987,0.001024,35,84
oracle_feature_selector,combined_stress,4,0.750340,0.021164,0.061162,0.002874,0.657623,0.006294,0.049100,0.002564,0.188799,0.001526,0.058150,0.001017,35,84
oracle_feature_selector,combined_stress,5,0.746259,0.018788,0.061691,0.002879,0.658398,0.006279,0.049386,0.002572,0.188772,0.001573,0.058543,0.001018,35,84
oracle_feature_selector,combined_stress,6,0.747619,0.019127,0.061877,0.003085,0.658658,0.006166,0.049503,0.002534,0.188646,0.001499,0.058241,0.001203,35,84
oracle_feature_selector,heldout_geometry,0,0.750340,0.019310,0.055941,0.003056,0.667836,0.006392,0.044231,0.002262,0.182638,0.001363,0.051964,0.001144,35,84
oracle_feature_selector,heldout_geometry,1,0.750000,0.017534,0.056475,0.003059,0.667591,0.006567,0.043971,0.002426,0.182776,0.001506,0.051674,0.001185,35,84
oracle_feature_selector,heldout_geometry,2,0.754762,0.018750,0.056324,0.002952,0.667346,0.006462,0.043972,0.002283,0.182593,0.001620,0.051826,0.001078,35,84
oracle_feature_selector,heldout_geometry,3,0.756803,0.019114,0.055830,0.003008,0.667615,0.006587,0.043779,0.002481,0.182688,0.001574,0.051514,0.001296,35,84
oracle_feature_selector,heldout_geometry,4,0.744558,0.018655,0.055678,0.003043,0.667885,0.006527,0.044206,0.002493,0.182812,0.001613,0.051666,0.001243,35,84
oracle_feature_selector,heldout_geometry,5,0.762585,0.019368,0.055527,0.003003,0.668669,0.006512,0.043647,0.002331,0.182619,0.001490,0.051361,0.001344,35,84
oracle_feature_selector,heldout_geometry,6,0.757143,0.015460,0.055032,0.003080,0.668424,0.006263,0.043641,0.002395,0.182849,0.001452,0.051735,0.001344,35,84
oracle_feature_selector,heldout_material,0,0.763946,0.019615,0.052754,0.002988,0.671692,0.006067,0.041352,0.002395,0.180150,0.001422,0.049441,0.001235,35,84
oracle_feature_selector,heldout_material,1,0.764966,0.019982,0.052946,0.002824,0.671447,0.006153,0.041482,0.002545,0.179577,0.001482,0.049143,0.001329,35,84
oracle_feature_selector,heldout_material,2,0.779592,0.019982,0.052794,0.002784,0.671717,0.006388,0.041008,0.002638,0.178989,0.001414,0.049525,0.001326,35,84
oracle_feature_selector,heldout_material,3,0.765646,0.017528,0.053329,0.002792,0.672501,0.006374,0.041317,0.002774,0.179143,0.001376,0.049692,0.001350,35,84
oracle_feature_selector,heldout_material,4,0.765306,0.017653,0.053178,0.002634,0.673285,0.006360,0.040532,0.002794,0.179281,0.001329,0.049616,0.001248,35,84
oracle_feature_selector,heldout_material,5,0.756122,0.020028,0.053369,0.002456,0.673554,0.006205,0.040687,0.002663,0.179806,0.001367,0.049090,0.001324,35,84
oracle_feature_selector,heldout_material,6,0.770748,0.018778,0.053218,0.002162,0.674338,0.006191,0.040442,0.002490,0.179446,0.001403,0.049242,0.001423,35,84
oracle_feature_selector,heldout_object,0,0.761565,0.018610,0.049779,0.002669,0.677802,0.006441,0.038587,0.002517,0.177624,0.001514,0.046735,0.001328,35,84
oracle_feature_selector,heldout_object,1,0.765646,0.017658,0.049959,0.002492,0.677025,0.006348,0.038859,0.002548,0.177674,0.001490,0.046886,0.001435,35,84
oracle_feature_selector,heldout_object,2,0.754762,0.021775,0.050139,0.002475,0.677791,0.006333,0.039048,0.002467,0.177994,0.001610,0.046581,0.001328,35,84
oracle_feature_selector,heldout_object,3,0.757823,0.019579,0.050318,0.002458,0.676499,0.006184,0.039118,0.002453,0.177834,0.001544,0.046732,0.001235,35,84
oracle_feature_selector,heldout_object,4,0.762925,0.017308,0.050498,0.002657,0.676750,0.006206,0.038678,0.002611,0.177409,0.001777,0.047113,0.001241,35,84
oracle_feature_selector,heldout_object,5,0.766667,0.020431,0.049306,0.002639,0.677002,0.006116,0.038365,0.002546,0.176550,0.001538,0.046320,0.001238,35,84
oracle_feature_selector,heldout_object,6,0.763946,0.019262,0.049142,0.002716,0.677768,0.006101,0.037858,0.002472,0.176037,0.001537,0.046235,0.001222,35,84
proposed_negative_transfer_guard,clean_transfer,0,0.702041,0.019333,0.058759,0.003255,0.619314,0.006435,0.050744,0.002590,0.218106,0.001469,0.061346,0.001411,35,84
proposed_negative_transfer_guard,clean_transfer,1,0.700000,0.020601,0.058993,0.003301,0.619647,0.006583,0.050753,0.002729,0.217616,0.001544,0.061077,0.001317,35,84
proposed_negative_transfer_guard,clean_transfer,2,0.694558,0.018072,0.058884,0.003113,0.619465,0.006052,0.051042,0.002572,0.218103,0.001507,0.061258,0.001301,35,84
proposed_negative_transfer_guard,clean_transfer,3,0.707143,0.022047,0.058088,0.003265,0.619797,0.005880,0.050583,0.002659,0.218036,0.001530,0.061653,0.001305,35,84
proposed_negative_transfer_guard,clean_transfer,4,0.720408,0.021269,0.058322,0.003446,0.619100,0.005864,0.049753,0.002686,0.217500,0.001420,0.061156,0.001298,35,84
proposed_negative_transfer_guard,clean_transfer,5,0.695578,0.020964,0.058556,0.003488,0.618918,0.005664,0.050560,0.002833,0.218335,0.001405,0.060888,0.001461,35,84
proposed_negative_transfer_guard,clean_transfer,6,0.684354,0.021525,0.058789,0.003471,0.619765,0.005649,0.050799,0.002769,0.218926,0.001453,0.061077,0.001358,35,84
proposed_negative_transfer_guard,combined_stress,0,0.640816,0.031530,0.087504,0.003979,0.592166,0.006131,0.067534,0.002951,0.235363,0.001371,0.077396,0.001348,35,84
proposed_negative_transfer_guard,combined_stress,1,0.652381,0.025593,0.087400,0.003934,0.590964,0.006081,0.067402,0.002758,0.235547,0.001205,0.077582,0.001249,35,84
proposed_negative_transfer_guard,combined_stress,2,0.645918,0.020657,0.087640,0.004011,0.590276,0.005813,0.067755,0.002644,0.236056,0.001061,0.077775,0.001377,35,84
proposed_negative_transfer_guard,combined_stress,3,0.650680,0.021410,0.088223,0.004016,0.590618,0.006017,0.067634,0.002841,0.235905,0.001330,0.077747,0.001474,35,84
proposed_negative_transfer_guard,combined_stress,4,0.648299,0.020277,0.087776,0.003998,0.590959,0.005774,0.067816,0.002732,0.235883,0.001293,0.077467,0.001443,35,84
proposed_negative_transfer_guard,combined_stress,5,0.646599,0.020887,0.088016,0.003980,0.591301,0.005807,0.067593,0.002785,0.236306,0.001381,0.077203,0.001298,35,84
proposed_negative_transfer_guard,combined_stress,6,0.654422,0.018536,0.087569,0.004220,0.590613,0.005822,0.067521,0.002852,0.236329,0.001479,0.077152,0.001326,35,84
proposed_negative_transfer_guard,heldout_geometry,0,0.658503,0.021703,0.078000,0.003987,0.602145,0.006812,0.061983,0.002722,0.229056,0.001398,0.071155,0.001403,35,84
proposed_negative_transfer_guard,heldout_geometry,1,0.663605,0.019068,0.076874,0.004017,0.603010,0.006798,0.061229,0.002486,0.229361,0.001348,0.071094,0.001195,35,84
proposed_negative_transfer_guard,heldout_geometry,2,0.667347,0.022083,0.077119,0.004006,0.602331,0.006456,0.061103,0.002553,0.229004,0.001532,0.070833,0.001380,35,84
proposed_negative_transfer_guard,heldout_geometry,3,0.672789,0.021312,0.076679,0.003747,0.601653,0.006100,0.061323,0.002535,0.228616,0.001455,0.071244,0.001377,35,84
proposed_negative_transfer_guard,heldout_geometry,4,0.678571,0.018794,0.076925,0.003801,0.602003,0.006107,0.061146,0.002224,0.228223,0.001254,0.071213,0.001456,35,84
proposed_negative_transfer_guard,heldout_geometry,5,0.675510,0.018532,0.075798,0.003986,0.602354,0.005886,0.061282,0.002550,0.228445,0.001388,0.071608,0.001466,35,84
proposed_negative_transfer_guard,heldout_geometry,6,0.660544,0.022009,0.075358,0.003832,0.602190,0.005474,0.060869,0.002352,0.229111,0.001304,0.071562,0.001470,35,84
proposed_negative_transfer_guard,heldout_material,0,0.684694,0.016879,0.072661,0.003616,0.606225,0.005975,0.058674,0.002507,0.225526,0.001495,0.068913,0.001185,35,84
proposed_negative_transfer_guard,heldout_material,1,0.674150,0.018000,0.071535,0.003931,0.606061,0.005559,0.058768,0.002394,0.225655,0.001358,0.068623,0.001376,35,84
proposed_negative_transfer_guard,heldout_material,2,0.663265,0.017339,0.071095,0.003634,0.606926,0.005545,0.059168,0.002369,0.226248,0.001316,0.068576,0.001448,35,84
proposed_negative_transfer_guard,heldout_material,3,0.688095,0.019341,0.070997,0.003660,0.606762,0.005346,0.057795,0.002429,0.226197,0.001342,0.068995,0.001455,35,84
proposed_negative_transfer_guard,heldout_material,4,0.677551,0.020435,0.071586,0.003665,0.607113,0.005582,0.057832,0.002376,0.226326,0.001376,0.069428,0.001459,35,84
proposed_negative_transfer_guard,heldout_material,5,0.679592,0.017956,0.071489,0.003388,0.606949,0.005802,0.057943,0.002377,0.226457,0.001408,0.068703,0.001437,35,84
proposed_negative_transfer_guard,heldout_material,6,0.677891,0.019344,0.071391,0.003260,0.606785,0.006089,0.057461,0.002478,0.226427,0.001368,0.068435,0.001305,35,84
proposed_negative_transfer_guard,heldout_object,0,0.697959,0.016066,0.066989,0.003521,0.611819,0.006415,0.055247,0.002841,0.222489,0.001472,0.065461,0.001313,35,84
proposed_negative_transfer_guard,heldout_object,1,0.679592,0.025116,0.066880,0.003330,0.611637,0.006350,0.056088,0.002884,0.222980,0.001637,0.065642,0.001297,35,84
proposed_negative_transfer_guard,heldout_object,2,0.686735,0.018270,0.066770,0.003593,0.611969,0.006031,0.055605,0.002728,0.223240,0.001539,0.066052,0.001305,35,84
proposed_negative_transfer_guard,heldout_object,3,0.687075,0.018513,0.066661,0.003485,0.611273,0.005508,0.055521,0.002713,0.222936,0.001384,0.065548,0.001298,35,84
proposed_negative_transfer_guard,heldout_object,4,0.695578,0.021007,0.066552,0.003706,0.610576,0.005660,0.055004,0.002665,0.222943,0.001294,0.065272,0.001462,35,84
proposed_negative_transfer_guard,heldout_object,5,0.672449,0.022685,0.066785,0.003687,0.611423,0.005644,0.055540,0.002786,0.223747,0.001408,0.065461,0.001360,35,84
proposed_negative_transfer_guard,heldout_object,6,0.670408,0.021385,0.067019,0.003759,0.610727,0.005872,0.055550,0.002601,0.224173,0.001381,0.065649,0.001381,35,84
scratch_tactile_policy,clean_transfer,0,0.536395,0.017137,0.072813,0.004191,0.452040,0.006078,0.079040,0.002637,0.131812,0.001349,0.095215,0.001516,35,84
scratch_tactile_policy,clean_transfer,1,0.513946,0.023480,0.073330,0.004197,0.452797,0.006063,0.079548,0.002752,0.132336,0.001566,0.094913,0.001447,35,84
scratch_tactile_policy,clean_transfer,2,0.513946,0.021271,0.073504,0.004124,0.452010,0.006210,0.079918,0.002536,0.132455,0.001283,0.094832,0.001569,35,84
scratch_tactile_policy,clean_transfer,3,0.506122,0.025043,0.073334,0.004178,0.452252,0.006314,0.079991,0.002824,0.132716,0.001354,0.094972,0.001485,35,84
scratch_tactile_policy,clean_transfer,4,0.519048,0.022026,0.073508,0.004168,0.452495,0.006398,0.079809,0.002947,0.132603,0.001412,0.094662,0.001380,35,84
scratch_tactile_policy,clean_transfer,5,0.522789,0.019613,0.072310,0.004015,0.452223,0.006251,0.079948,0.002726,0.132656,0.001435,0.095008,0.001380,35,84
scratch_tactile_policy,clean_transfer,6,0.508503,0.025246,0.071797,0.004229,0.452465,0.006443,0.080378,0.002848,0.131889,0.001608,0.094683,0.001310,35,84
scratch_tactile_policy,combined_stress,0,0.451701,0.020087,0.116665,0.004969,0.424961,0.006299,0.098187,0.002841,0.149751,0.001435,0.110715,0.001445,35,84
scratch_tactile_policy,combined_stress,1,0.440136,0.022767,0.117187,0.004974,0.425213,0.006180,0.098885,0.002768,0.149854,0.001350,0.110417,0.001248,35,84
scratch_tactile_policy,combined_stress,2,0.443878,0.020948,0.116681,0.004923,0.425464,0.006350,0.098640,0.002714,0.149682,0.001348,0.110782,0.001248,35,84
scratch_tactile_policy,combined_stress,3,0.446939,0.017776,0.116861,0.004912,0.425716,0.006465,0.098709,0.002457,0.149751,0.001343,0.110248,0.001302,35,84
scratch_tactile_policy,combined_stress,4,0.431293,0.023197,0.116697,0.004879,0.425967,0.006321,0.098983,0.002402,0.150156,0.001265,0.110392,0.001278,35,84
scratch_tactile_policy,combined_stress,5,0.436395,0.021875,0.116877,0.004798,0.425704,0.005930,0.099001,0.002362,0.150417,0.001301,0.110772,0.001280,35,84
scratch_tactile_policy,combined_stress,6,0.459184,0.025350,0.116713,0.004678,0.425956,0.006006,0.098543,0.002514,0.150359,0.001286,0.110916,0.001329,35,84
scratch_tactile_policy,heldout_geometry,0,0.446939,0.019211,0.100207,0.004620,0.436644,0.006460,0.092116,0.002582,0.144148,0.001516,0.104392,0.001479,35,84
scratch_tactile_policy,heldout_geometry,1,0.456803,0.021857,0.100393,0.004609,0.437419,0.006445,0.092020,0.002670,0.144327,0.001634,0.104548,0.001514,35,84
scratch_tactile_policy,heldout_geometry,2,0.472109,0.023837,0.100921,0.004613,0.436136,0.006282,0.091593,0.002632,0.143951,0.001551,0.104711,0.001425,35,84
scratch_tactile_policy,heldout_geometry,3,0.454762,0.018667,0.100764,0.004806,0.434853,0.005887,0.091685,0.002636,0.144619,0.001513,0.104402,0.001580,35,84
scratch_tactile_policy,heldout_geometry,4,0.469388,0.022235,0.100950,0.004735,0.435113,0.005758,0.091241,0.002766,0.143798,0.001643,0.104100,0.001493,35,84
scratch_tactile_policy,heldout_geometry,5,0.475510,0.021538,0.101135,0.004669,0.435888,0.005743,0.091238,0.002867,0.143587,0.001647,0.104028,0.001423,35,84
scratch_tactile_policy,heldout_geometry,6,0.461224,0.024544,0.101664,0.004673,0.435634,0.005863,0.091780,0.003117,0.143743,0.001645,0.104191,0.001372,35,84
scratch_tactile_policy,heldout_material,0,0.497619,0.020400,0.094797,0.004534,0.438703,0.006109,0.088204,0.002964,0.140194,0.001600,0.101936,0.001474,35,84
scratch_tactile_policy,heldout_material,1,0.476871,0.028696,0.093954,0.004878,0.438449,0.006341,0.088542,0.003032,0.140695,0.001539,0.101612,0.001365,35,84
scratch_tactile_policy,heldout_material,2,0.485034,0.018032,0.092767,0.004533,0.438195,0.006473,0.088351,0.002748,0.140905,0.001441,0.101738,0.001391,35,84
scratch_tactile_policy,heldout_material,3,0.476871,0.023489,0.092267,0.004519,0.438970,0.006459,0.088637,0.002770,0.140951,0.001445,0.101878,0.001281,35,84
scratch_tactile_policy,heldout_material,4,0.485034,0.019936,0.091766,0.004400,0.439231,0.006421,0.088057,0.002554,0.140932,0.001350,0.102019,0.001225,35,84
scratch_tactile_policy,heldout_material,5,0.489116,0.016606,0.091609,0.004266,0.439491,0.006404,0.087613,0.002577,0.140986,0.001213,0.102396,0.001223,35,84
scratch_tactile_policy,heldout_material,6,0.473129,0.021117,0.092138,0.004273,0.439237,0.006696,0.087969,0.002690,0.141402,0.001263,0.102560,0.001225,35,84
scratch_tactile_policy,heldout_object,0,0.497619,0.023525,0.085089,0.004414,0.444184,0.006058,0.084884,0.002771,0.137117,0.001552,0.099717,0.001517,35,84
scratch_tactile_policy,heldout_object,1,0.495578,0.019205,0.085605,0.004419,0.444941,0.006043,0.085110,0.002642,0.137502,0.001517,0.099643,0.001452,35,84
scratch_tactile_policy,heldout_object,2,0.493537,0.018606,0.085779,0.004344,0.443640,0.006307,0.085531,0.002732,0.137659,0.001433,0.099562,0.001573,35,84
scratch_tactile_policy,heldout_object,3,0.520068,0.018885,0.085610,0.004401,0.443883,0.006390,0.084746,0.002770,0.137072,0.001273,0.099702,0.001488,35,84
scratch_tactile_policy,heldout_object,4,0.501020,0.025975,0.085440,0.004367,0.444640,0.006376,0.085329,0.002911,0.137764,0.001431,0.099385,0.001382,35,84
scratch_tactile_policy,heldout_object,5,0.500340,0.020008,0.084585,0.004238,0.444368,0.006229,0.085384,0.002677,0.137210,0.001486,0.099739,0.001384,35,84
scratch_tactile_policy,heldout_object,6,0.492177,0.024236,0.084072,0.004458,0.444610,0.006421,0.085661,0.002867,0.137019,0.001612,0.099185,0.001262,35,84
uncertainty_gated_transfer,clean_transfer,0,0.601701,0.020434,0.087940,0.004968,0.544163,0.006516,0.068818,0.002504,0.271250,0.001487,0.085070,0.001405,35,84
uncertainty_gated_transfer,clean_transfer,1,0.613946,0.018994,0.088481,0.004973,0.544442,0.006415,0.068706,0.002562,0.270937,0.001751,0.085242,0.001316,35,84
uncertainty_gated_transfer,clean_transfer,2,0.619388,0.021120,0.087993,0.004756,0.542148,0.005839,0.067975,0.002592,0.270060,0.001734,0.085162,0.001336,35,84
uncertainty_gated_transfer,clean_transfer,3,0.600000,0.024260,0.087504,0.005016,0.541397,0.006054,0.068550,0.002541,0.270316,0.001689,0.084625,0.001434,35,84
uncertainty_gated_transfer,clean_transfer,4,0.602721,0.018477,0.087016,0.004766,0.540646,0.006257,0.068344,0.002487,0.270403,0.001644,0.085003,0.001434,35,84
uncertainty_gated_transfer,clean_transfer,5,0.606122,0.022745,0.086527,0.004844,0.539381,0.006134,0.068122,0.002479,0.270706,0.001609,0.084923,0.001373,35,84
uncertainty_gated_transfer,clean_transfer,6,0.613265,0.018409,0.087068,0.004850,0.539660,0.005937,0.067908,0.002716,0.270256,0.001403,0.084866,0.001259,35,84
uncertainty_gated_transfer,combined_stress,0,0.511565,0.020460,0.144363,0.005542,0.513867,0.006394,0.089300,0.003086,0.289229,0.001597,0.100788,0.001176,35,84
uncertainty_gated_transfer,combined_stress,1,0.524830,0.021419,0.144910,0.005547,0.512611,0.005936,0.089167,0.002961,0.289130,0.001634,0.101193,0.001179,35,84
uncertainty_gated_transfer,combined_stress,2,0.517687,0.025261,0.145114,0.005531,0.513413,0.005922,0.089739,0.003016,0.289399,0.001586,0.100904,0.000941,35,84
uncertainty_gated_transfer,combined_stress,3,0.530272,0.027448,0.145661,0.005537,0.513186,0.006246,0.089394,0.003331,0.289083,0.001655,0.101308,0.000944,35,84
uncertainty_gated_transfer,combined_stress,4,0.503061,0.023418,0.145521,0.005264,0.512444,0.006323,0.090204,0.003219,0.289941,0.001700,0.101697,0.000943,35,84
uncertainty_gated_transfer,combined_stress,5,0.524830,0.027631,0.145039,0.005649,0.512731,0.006320,0.089526,0.003237,0.289232,0.001448,0.101393,0.001112,35,84
uncertainty_gated_transfer,combined_stress,6,0.507483,0.021003,0.145585,0.005655,0.513534,0.006304,0.089930,0.003191,0.289227,0.001377,0.101569,0.001241,35,84
uncertainty_gated_transfer,heldout_geometry,0,0.562245,0.024427,0.122792,0.005175,0.524868,0.006243,0.080800,0.002706,0.281639,0.001293,0.095193,0.001202,35,84
uncertainty_gated_transfer,heldout_geometry,1,0.576531,0.024393,0.122659,0.005054,0.524650,0.005903,0.080578,0.002800,0.281755,0.001387,0.095129,0.001288,35,84
uncertainty_gated_transfer,heldout_geometry,2,0.539116,0.024399,0.123211,0.005059,0.524432,0.006231,0.081716,0.002636,0.282343,0.001288,0.095081,0.001258,35,84
uncertainty_gated_transfer,heldout_geometry,3,0.540476,0.020632,0.122735,0.005152,0.525243,0.006216,0.081553,0.002920,0.282463,0.001224,0.095467,0.001263,35,84
uncertainty_gated_transfer,heldout_geometry,4,0.547619,0.020672,0.122602,0.005218,0.524510,0.006814,0.081509,0.002869,0.282706,0.001176,0.094945,0.001250,35,84
uncertainty_gated_transfer,heldout_geometry,5,0.533673,0.023441,0.122811,0.005426,0.523778,0.006430,0.081341,0.002849,0.282873,0.001387,0.094889,0.001266,35,84
uncertainty_gated_transfer,heldout_geometry,6,0.535034,0.023817,0.122678,0.005666,0.523560,0.006265,0.081441,0.002834,0.282992,0.001408,0.094597,0.001293,35,84
uncertainty_gated_transfer,heldout_material,0,0.542517,0.015813,0.113846,0.005514,0.527942,0.006212,0.078289,0.002773,0.280090,0.001290,0.092882,0.001288,35,84
uncertainty_gated_transfer,heldout_material,1,0.550340,0.020629,0.114055,0.005488,0.527209,0.006385,0.078262,0.002696,0.279406,0.001555,0.092139,0.001255,35,84
uncertainty_gated_transfer,heldout_material,2,0.551020,0.023849,0.114608,0.005493,0.528020,0.006371,0.078219,0.002749,0.279309,0.001632,0.092091,0.001336,35,84
uncertainty_gated_transfer,heldout_material,3,0.545918,0.022518,0.114475,0.005732,0.527802,0.006201,0.078252,0.003013,0.279545,0.001705,0.092027,0.001262,35,84
uncertainty_gated_transfer,heldout_material,4,0.564626,0.026549,0.114341,0.005728,0.528098,0.006078,0.077919,0.002912,0.279123,0.001653,0.092420,0.001268,35,84
uncertainty_gated_transfer,heldout_material,5,0.560544,0.024376,0.114894,0.005733,0.528395,0.006274,0.078453,0.002865,0.279569,0.001537,0.092372,0.001328,35,84
uncertainty_gated_transfer,heldout_material,6,0.562925,0.017885,0.114418,0.005619,0.528691,0.006239,0.078265,0.002911,0.279670,0.001693,0.092758,0.001328,35,84
uncertainty_gated_transfer,heldout_object,0,0.576190,0.022701,0.104254,0.005194,0.536452,0.006493,0.074798,0.002604,0.276152,0.001826,0.089954,0.001408,35,84
uncertainty_gated_transfer,heldout_object,1,0.590816,0.023685,0.104109,0.005163,0.535187,0.006287,0.074101,0.002647,0.275567,0.001840,0.089653,0.001343,35,84
uncertainty_gated_transfer,heldout_object,2,0.576871,0.022481,0.103620,0.005044,0.533922,0.005869,0.074312,0.002536,0.275497,0.001763,0.089344,0.001333,35,84
uncertainty_gated_transfer,heldout_object,3,0.585714,0.022409,0.103475,0.005214,0.533171,0.006205,0.073987,0.002618,0.275473,0.001762,0.089501,0.001439,35,84
uncertainty_gated_transfer,heldout_object,4,0.571088,0.018585,0.102987,0.004898,0.532935,0.006237,0.074215,0.002507,0.275872,0.001599,0.089879,0.001436,35,84
uncertainty_gated_transfer,heldout_object,5,0.596259,0.018900,0.102841,0.005072,0.531670,0.006114,0.073711,0.002549,0.275555,0.001515,0.089578,0.001272,35,84
uncertainty_gated_transfer,heldout_object,6,0.557143,0.020489,0.103382,0.005078,0.531949,0.005917,0.074654,0.002782,0.276166,0.001460,0.089750,0.001263,35,84
