rank,uid,title,year,venue,url,problem_claimed,actual_mechanism,hidden_assumptions,variables_treated_as_fixed,failure_modes_ignored,what_it_makes_less_novel,what_it_leaves_open
1,doi:10.3390/robotics14120180,Sim2Real Transfer of Imitation Learning of Motion Control for Car-like Mobile Robots Using Digital Twin Testbed,2025,Robotics,https://doi.org/10.3390/robotics14120180,Addresses tactile representation learning or a neighboring robotics mechanism.,"Prior work usually predicts, ranks, filters, or imitates observed behavior rather than preserving unrealized branches.",The observed outcome is enough to supervise the model.,"Contact mode support, embodiment limits, and deployment perturbations.","Branch collapse, hidden-mode shift, and tail-risk planning failures.",Generic world models and generic uncertainty are crowded.,Tactile pretraining negative transfer keeps action-critical alternatives explicit until a physical observation collapses them.
2,arxiv:2509.15876v1,High-Bandwidth Tactile-Reactive Control for Grasp Adjustment,2025,arXiv,http://arxiv.org/abs/2509.15876v1,Addresses tactile representation learning or a neighboring robotics mechanism.,"Prior work usually predicts, ranks, filters, or imitates observed behavior rather than preserving unrealized branches.",The observed outcome is enough to supervise the model.,"Contact mode support, embodiment limits, and deployment perturbations.","Branch collapse, hidden-mode shift, and tail-risk planning failures.",Generic world models and generic uncertainty are crowded.,Tactile pretraining negative transfer keeps action-critical alternatives explicit until a physical observation collapses them.
3,arxiv:2504.19341v1,PolyTouch: A Robust Multi-Modal Tactile Sensor for Contact-rich Manipulation Using Tactile-Diffusion Policies,2025,arXiv,http://arxiv.org/abs/2504.19341v1,Addresses tactile representation learning or a neighboring robotics mechanism.,"Prior work usually predicts, ranks, filters, or imitates observed behavior rather than preserving unrealized branches.",The observed outcome is enough to supervise the model.,"Contact mode support, embodiment limits, and deployment perturbations.","Branch collapse, hidden-mode shift, and tail-risk planning failures.",Generic world models and generic uncertainty are crowded.,Tactile pretraining negative transfer keeps action-critical alternatives explicit until a physical observation collapses them.
4,doi:10.3390/s19224925,Magnetic-based Soft Tactile Sensors with Deformable Continuous Force Transfer Medium for Resolving Contact Locations in Robotic Grasping and Manipulation,2019,Sensors,https://doi.org/10.3390/s19224925,Addresses tactile representation learning or a neighboring robotics mechanism.,"Prior work usually predicts, ranks, filters, or imitates observed behavior rather than preserving unrealized branches.",The observed outcome is enough to supervise the model.,"Contact mode support, embodiment limits, and deployment perturbations.","Branch collapse, hidden-mode shift, and tail-risk planning failures.",Generic world models and generic uncertainty are crowded.,Tactile pretraining negative transfer keeps action-critical alternatives explicit until a physical observation collapses them.
5,arxiv:2509.16550v1,TranTac: Leveraging Transient Tactile Signals for Contact-Rich Robotic Manipulation,2025,arXiv,http://arxiv.org/abs/2509.16550v1,Addresses tactile representation learning or a neighboring robotics mechanism.,"Prior work usually predicts, ranks, filters, or imitates observed behavior rather than preserving unrealized branches.",The observed outcome is enough to supervise the model.,"Contact mode support, embodiment limits, and deployment perturbations.","Branch collapse, hidden-mode shift, and tail-risk planning failures.",Generic world models and generic uncertainty are crowded.,Tactile pretraining negative transfer keeps action-critical alternatives explicit until a physical observation collapses them.
6,doi:10.1017/s0263574722000625,Generalization in transfer learning: robust control of robot locomotion,2022,Robotica,https://doi.org/10.1017/s0263574722000625,Addresses tactile representation learning or a neighboring robotics mechanism.,"Prior work usually predicts, ranks, filters, or imitates observed behavior rather than preserving unrealized branches.",The observed outcome is enough to supervise the model.,"Contact mode support, embodiment limits, and deployment perturbations.","Branch collapse, hidden-mode shift, and tail-risk planning failures.",Generic world models and generic uncertainty are crowded.,Tactile pretraining negative transfer keeps action-critical alternatives explicit until a physical observation collapses them.
7,doi:10.3390/robotics8040091,Control of the Sit-To-Stand Transfer of a Biped Robotic Device for Postural Rehabilitation,2019,Robotics,https://doi.org/10.3390/robotics8040091,Addresses tactile representation learning or a neighboring robotics mechanism.,"Prior work usually predicts, ranks, filters, or imitates observed behavior rather than preserving unrealized branches.",The observed outcome is enough to supervise the model.,"Contact mode support, embodiment limits, and deployment perturbations.","Branch collapse, hidden-mode shift, and tail-risk planning failures.",Generic world models and generic uncertainty are crowded.,Tactile pretraining negative transfer keeps action-critical alternatives explicit until a physical observation collapses them.
8,doi:10.3390/s20041050,Grasping Force Control of Multi-Fingered Robotic Hands through Tactile Sensing for Object Stabilization,2020,Sensors,https://doi.org/10.3390/s20041050,Addresses tactile representation learning or a neighboring robotics mechanism.,"Prior work usually predicts, ranks, filters, or imitates observed behavior rather than preserving unrealized branches.",The observed outcome is enough to supervise the model.,"Contact mode support, embodiment limits, and deployment perturbations.","Branch collapse, hidden-mode shift, and tail-risk planning failures.",Generic world models and generic uncertainty are crowded.,Tactile pretraining negative transfer keeps action-critical alternatives explicit until a physical observation collapses them.
9,arxiv:2603.17851v1,DexViTac: Collecting Human Visuo-Tactile-Kinematic Demonstrations for Contact-Rich Dexterous Manipulation,2026,arXiv,http://arxiv.org/abs/2603.17851v1,Addresses tactile representation learning or a neighboring robotics mechanism.,"Prior work usually predicts, ranks, filters, or imitates observed behavior rather than preserving unrealized branches.",The observed outcome is enough to supervise the model.,"Contact mode support, embodiment limits, and deployment perturbations.","Branch collapse, hidden-mode shift, and tail-risk planning failures.",Generic world models and generic uncertainty are crowded.,Tactile pretraining negative transfer keeps action-critical alternatives explicit until a physical observation collapses them.
10,arxiv:2509.14688v1,exUMI: Extensible Robot Teaching System with Action-aware Task-agnostic Tactile Representation,2025,arXiv,http://arxiv.org/abs/2509.14688v1,Addresses tactile representation learning or a neighboring robotics mechanism.,"Prior work usually predicts, ranks, filters, or imitates observed behavior rather than preserving unrealized branches.",The observed outcome is enough to supervise the model.,"Contact mode support, embodiment limits, and deployment perturbations.","Branch collapse, hidden-mode shift, and tail-risk planning failures.",Generic world models and generic uncertainty are crowded.,Tactile pretraining negative transfer keeps action-critical alternatives explicit until a physical observation collapses them.
11,doi:10.1002/asjc.3768,Hybrid FOPID and DL on EMG signals for gait phases classification to rehabilitation robot control: A comparative study,2026,Asian Journal of Control,https://doi.org/10.1002/asjc.3768,Addresses tactile representation learning or a neighboring robotics mechanism.,"Prior work usually predicts, ranks, filters, or imitates observed behavior rather than preserving unrealized branches.",The observed outcome is enough to supervise the model.,"Contact mode support, embodiment limits, and deployment perturbations.","Branch collapse, hidden-mode shift, and tail-risk planning failures.",Generic world models and generic uncertainty are crowded.,Tactile pretraining negative transfer keeps action-critical alternatives explicit until a physical observation collapses them.
12,arxiv:2509.19047v1,ManipForce: Force-Guided Policy Learning with Frequency-Aware Representation for Contact-Rich Manipulation,2025,arXiv,http://arxiv.org/abs/2509.19047v1,Addresses tactile representation learning or a neighboring robotics mechanism.,"Prior work usually predicts, ranks, filters, or imitates observed behavior rather than preserving unrealized branches.",The observed outcome is enough to supervise the model.,"Contact mode support, embodiment limits, and deployment perturbations.","Branch collapse, hidden-mode shift, and tail-risk planning failures.",Generic world models and generic uncertainty are crowded.,Tactile pretraining negative transfer keeps action-critical alternatives explicit until a physical observation collapses them.
13,doi:10.1177/0142331215583327,Identification of a vertical hopping robot model via harmonic transfer functions,2016,Transactions of the Institute of Measurement and Control,https://doi.org/10.1177/0142331215583327,Addresses tactile representation learning or a neighboring robotics mechanism.,"Prior work usually predicts, ranks, filters, or imitates observed behavior rather than preserving unrealized branches.",The observed outcome is enough to supervise the model.,"Contact mode support, embodiment limits, and deployment perturbations.","Branch collapse, hidden-mode shift, and tail-risk planning failures.",Generic world models and generic uncertainty are crowded.,Tactile pretraining negative transfer keeps action-critical alternatives explicit until a physical observation collapses them.
14,doi:10.56028/aetr.15.1.1423.2025,RT-2: Vision-Language-Action Models for Generalizable Robotic Control: A Comprehensive Review,2025,Advances in Engineering Technology Research,https://doi.org/10.56028/aetr.15.1.1423.2025,Addresses tactile representation learning or a neighboring robotics mechanism.,"Prior work usually predicts, ranks, filters, or imitates observed behavior rather than preserving unrealized branches.",The observed outcome is enough to supervise the model.,"Contact mode support, embodiment limits, and deployment perturbations.","Branch collapse, hidden-mode shift, and tail-risk planning failures.",Generic world models and generic uncertainty are crowded.,Tactile pretraining negative transfer keeps action-critical alternatives explicit until a physical observation collapses them.
15,doi:10.1109/lra.2021.3084880,Zero-Shot Sim-to-Real Transfer of Tactile Control Policies for Aggressive Swing-Up Manipulation,2021,IEEE Robotics and Automation Letters,https://doi.org/10.1109/lra.2021.3084880,Addresses tactile representation learning or a neighboring robotics mechanism.,"Prior work usually predicts, ranks, filters, or imitates observed behavior rather than preserving unrealized branches.",The observed outcome is enough to supervise the model.,"Contact mode support, embodiment limits, and deployment perturbations.","Branch collapse, hidden-mode shift, and tail-risk planning failures.",Generic world models and generic uncertainty are crowded.,Tactile pretraining negative transfer keeps action-critical alternatives explicit until a physical observation collapses them.
16,doi:10.1109/icra46639.2022.9811957,Real-Time Multi-Contact Model Predictive Control via ADMM,2022,2022 International Conference on Robotics and Automation (ICRA),https://doi.org/10.1109/icra46639.2022.9811957,Addresses tactile representation learning or a neighboring robotics mechanism.,"Prior work usually predicts, ranks, filters, or imitates observed behavior rather than preserving unrealized branches.",The observed outcome is enough to supervise the model.,"Contact mode support, embodiment limits, and deployment perturbations.","Branch collapse, hidden-mode shift, and tail-risk planning failures.",Generic world models and generic uncertainty are crowded.,Tactile pretraining negative transfer keeps action-critical alternatives explicit until a physical observation collapses them.
17,arxiv:2103.00410v2,Sim-to-Real Transfer for Robotic Manipulation with Tactile Sensory,2021,arXiv,http://arxiv.org/abs/2103.00410v2,Addresses tactile representation learning or a neighboring robotics mechanism.,"Prior work usually predicts, ranks, filters, or imitates observed behavior rather than preserving unrealized branches.",The observed outcome is enough to supervise the model.,"Contact mode support, embodiment limits, and deployment perturbations.","Branch collapse, hidden-mode shift, and tail-risk planning failures.",Generic world models and generic uncertainty are crowded.,Tactile pretraining negative transfer keeps action-critical alternatives explicit until a physical observation collapses them.
18,doi:10.1109/lra.2023.3329764,Self-Supervised Regression of sEMG Signals Combining Non-Negative Matrix Factorization With Deep Neural Networks for Robot Hand Multiple Grasping Motion Control,2023,IEEE Robotics and Automation Letters,https://doi.org/10.1109/lra.2023.3329764,Addresses tactile representation learning or a neighboring robotics mechanism.,"Prior work usually predicts, ranks, filters, or imitates observed behavior rather than preserving unrealized branches.",The observed outcome is enough to supervise the model.,"Contact mode support, embodiment limits, and deployment perturbations.","Branch collapse, hidden-mode shift, and tail-risk planning failures.",Generic world models and generic uncertainty are crowded.,Tactile pretraining negative transfer keeps action-critical alternatives explicit until a physical observation collapses them.
19,arxiv:2410.20542v2,PaPaGei: Open Foundation Models for Optical Physiological Signals,2024,arXiv,http://arxiv.org/abs/2410.20542v2,Addresses tactile representation learning or a neighboring robotics mechanism.,"Prior work usually predicts, ranks, filters, or imitates observed behavior rather than preserving unrealized branches.",The observed outcome is enough to supervise the model.,"Contact mode support, embodiment limits, and deployment perturbations.","Branch collapse, hidden-mode shift, and tail-risk planning failures.",Generic world models and generic uncertainty are crowded.,Tactile pretraining negative transfer keeps action-critical alternatives explicit until a physical observation collapses them.
20,arxiv:2603.19201v2,OmniVTA: Visuo-Tactile World Modeling for Contact-Rich Robotic Manipulation,2026,arXiv,http://arxiv.org/abs/2603.19201v2,Addresses tactile representation learning or a neighboring robotics mechanism.,"Prior work usually predicts, ranks, filters, or imitates observed behavior rather than preserving unrealized branches.",The observed outcome is enough to supervise the model.,"Contact mode support, embodiment limits, and deployment perturbations.","Branch collapse, hidden-mode shift, and tail-risk planning failures.",Generic world models and generic uncertainty are crowded.,Tactile pretraining negative transfer keeps action-critical alternatives explicit until a physical observation collapses them.
21,doi:10.1109/tro.2024.3351554,Fast Contact-Implicit Model Predictive Control,2024,IEEE Transactions on Robotics,https://doi.org/10.1109/tro.2024.3351554,Addresses tactile representation learning or a neighboring robotics mechanism.,"Prior work usually predicts, ranks, filters, or imitates observed behavior rather than preserving unrealized branches.",The observed outcome is enough to supervise the model.,"Contact mode support, embodiment limits, and deployment perturbations.","Branch collapse, hidden-mode shift, and tail-risk planning failures.",Generic world models and generic uncertainty are crowded.,Tactile pretraining negative transfer keeps action-critical alternatives explicit until a physical observation collapses them.
22,doi:10.1115/dscc2016-9813,Parameter-Varying Loop-Shaping for Delayed Air-Fuel Ratio Control in Lean-Burn SI Engines,2016,"Volume 1: Advances in Control Design Methods, Nonlinear and Optimal Control, Robotics, and Wind Energy Systems; Aerospace Applications; Assistive and Rehabilitation Robotics; Assistive Robotics; Battery and Oil and Gas Systems; Bioengineering Applications; Biomedical and Neural Systems Modeling, Diagnostics and Healthcare; Control and Monitoring of Vibratory Systems; Diagnostics and Detection; Energy Harvesting; Estimation and Identification; Fuel Cells/Energy Storage; Intelligent Transportation",https://doi.org/10.1115/dscc2016-9813,Addresses tactile representation learning or a neighboring robotics mechanism.,"Prior work usually predicts, ranks, filters, or imitates observed behavior rather than preserving unrealized branches.",The observed outcome is enough to supervise the model.,"Contact mode support, embodiment limits, and deployment perturbations.","Branch collapse, hidden-mode shift, and tail-risk planning failures.",Generic world models and generic uncertainty are crowded.,Tactile pretraining negative transfer keeps action-critical alternatives explicit until a physical observation collapses them.
23,doi:10.1002/rcs.2325,SuP‐Ring: A pneumatic tactile display with substitutional representation of contact force components using normal indentation,2021,The International Journal of Medical Robotics and Computer Assisted Surgery,https://doi.org/10.1002/rcs.2325,Addresses tactile representation learning or a neighboring robotics mechanism.,"Prior work usually predicts, ranks, filters, or imitates observed behavior rather than preserving unrealized branches.",The observed outcome is enough to supervise the model.,"Contact mode support, embodiment limits, and deployment perturbations.","Branch collapse, hidden-mode shift, and tail-risk planning failures.",Generic world models and generic uncertainty are crowded.,Tactile pretraining negative transfer keeps action-critical alternatives explicit until a physical observation collapses them.
24,doi:10.1109/tro.2020.3046415,Representation-Free Model Predictive Control for Dynamic Motions in Quadrupeds,2021,IEEE Transactions on Robotics,https://doi.org/10.1109/tro.2020.3046415,Addresses tactile representation learning or a neighboring robotics mechanism.,"Prior work usually predicts, ranks, filters, or imitates observed behavior rather than preserving unrealized branches.",The observed outcome is enough to supervise the model.,"Contact mode support, embodiment limits, and deployment perturbations.","Branch collapse, hidden-mode shift, and tail-risk planning failures.",Generic world models and generic uncertainty are crowded.,Tactile pretraining negative transfer keeps action-critical alternatives explicit until a physical observation collapses them.
25,doi:10.1109/tcyb.2020.2999556,Efficient Representation and Approximation of Model Predictive Control Laws via Deep Learning,2020,IEEE Transactions on Cybernetics,https://doi.org/10.1109/tcyb.2020.2999556,Addresses tactile representation learning or a neighboring robotics mechanism.,"Prior work usually predicts, ranks, filters, or imitates observed behavior rather than preserving unrealized branches.",The observed outcome is enough to supervise the model.,"Contact mode support, embodiment limits, and deployment perturbations.","Branch collapse, hidden-mode shift, and tail-risk planning failures.",Generic world models and generic uncertainty are crowded.,Tactile pretraining negative transfer keeps action-critical alternatives explicit until a physical observation collapses them.
26,doi:10.52783/jisem.v10i50s.10219,Self-Supervised Learning for Generalizable AI: Bridging the Gap Between Pretraining and Real-World Deployment,2025,Journal of Information Systems Engineering and Management,https://doi.org/10.52783/jisem.v10i50s.10219,Addresses tactile representation learning or a neighboring robotics mechanism.,"Prior work usually predicts, ranks, filters, or imitates observed behavior rather than preserving unrealized branches.",The observed outcome is enough to supervise the model.,"Contact mode support, embodiment limits, and deployment perturbations.","Branch collapse, hidden-mode shift, and tail-risk planning failures.",Generic world models and generic uncertainty are crowded.,Tactile pretraining negative transfer keeps action-critical alternatives explicit until a physical observation collapses them.
27,arxiv:2403.16046v1,Digital control of negative imaginary systems: a discrete-time hybrid integrator-gain system approach,2024,arXiv,http://arxiv.org/abs/2403.16046v1,Addresses tactile representation learning or a neighboring robotics mechanism.,"Prior work usually predicts, ranks, filters, or imitates observed behavior rather than preserving unrealized branches.",The observed outcome is enough to supervise the model.,"Contact mode support, embodiment limits, and deployment perturbations.","Branch collapse, hidden-mode shift, and tail-risk planning failures.",Generic world models and generic uncertainty are crowded.,Tactile pretraining negative transfer keeps action-critical alternatives explicit until a physical observation collapses them.
28,doi:10.1109/icra55743.2025.11127605,Reduced-Order Model Guided Contact-Implicit Model Predictive Control for Humanoid Locomotion,2025,2025 IEEE International Conference on Robotics and Automation (ICRA),https://doi.org/10.1109/icra55743.2025.11127605,Addresses tactile representation learning or a neighboring robotics mechanism.,"Prior work usually predicts, ranks, filters, or imitates observed behavior rather than preserving unrealized branches.",The observed outcome is enough to supervise the model.,"Contact mode support, embodiment limits, and deployment perturbations.","Branch collapse, hidden-mode shift, and tail-risk planning failures.",Generic world models and generic uncertainty are crowded.,Tactile pretraining negative transfer keeps action-critical alternatives explicit until a physical observation collapses them.
29,doi:10.1109/robot.1996.509203,A full tactile sensing suite for dextrous robot hands and use in contact force control,2002,,https://doi.org/10.1109/robot.1996.509203,Addresses tactile representation learning or a neighboring robotics mechanism.,"Prior work usually predicts, ranks, filters, or imitates observed behavior rather than preserving unrealized branches.",The observed outcome is enough to supervise the model.,"Contact mode support, embodiment limits, and deployment perturbations.","Branch collapse, hidden-mode shift, and tail-risk planning failures.",Generic world models and generic uncertainty are crowded.,Tactile pretraining negative transfer keeps action-critical alternatives explicit until a physical observation collapses them.
30,arxiv:2604.23609v1,Tube Diffusion Policy: Reactive Visual-Tactile Policy Learning for Contact-rich Manipulation,2026,arXiv,http://arxiv.org/abs/2604.23609v1,Addresses tactile representation learning or a neighboring robotics mechanism.,"Prior work usually predicts, ranks, filters, or imitates observed behavior rather than preserving unrealized branches.",The observed outcome is enough to supervise the model.,"Contact mode support, embodiment limits, and deployment perturbations.","Branch collapse, hidden-mode shift, and tail-risk planning failures.",Generic world models and generic uncertainty are crowded.,Tactile pretraining negative transfer keeps action-critical alternatives explicit until a physical observation collapses them.
31,doi:10.1109/icra48891.2023.10161158,Simultaneous Tactile Estimation and Control of Extrinsic Contact,2023,2023 IEEE International Conference on Robotics and Automation (ICRA),https://doi.org/10.1109/icra48891.2023.10161158,Addresses tactile representation learning or a neighboring robotics mechanism.,"Prior work usually predicts, ranks, filters, or imitates observed behavior rather than preserving unrealized branches.",The observed outcome is enough to supervise the model.,"Contact mode support, embodiment limits, and deployment perturbations.","Branch collapse, hidden-mode shift, and tail-risk planning failures.",Generic world models and generic uncertainty are crowded.,Tactile pretraining negative transfer keeps action-critical alternatives explicit until a physical observation collapses them.
32,doi:10.3390/pr11010197,Deep Transfer Learning for Approximate Model Predictive Control,2023,Processes,https://doi.org/10.3390/pr11010197,Addresses tactile representation learning or a neighboring robotics mechanism.,"Prior work usually predicts, ranks, filters, or imitates observed behavior rather than preserving unrealized branches.",The observed outcome is enough to supervise the model.,"Contact mode support, embodiment limits, and deployment perturbations.","Branch collapse, hidden-mode shift, and tail-risk planning failures.",Generic world models and generic uncertainty are crowded.,Tactile pretraining negative transfer keeps action-critical alternatives explicit until a physical observation collapses them.
33,doi:10.1109/robot.1989.100211,Human/robot interaction via the transfer of power and information signals. I. Dynamics and control analysis,2003,,https://doi.org/10.1109/robot.1989.100211,Addresses tactile representation learning or a neighboring robotics mechanism.,"Prior work usually predicts, ranks, filters, or imitates observed behavior rather than preserving unrealized branches.",The observed outcome is enough to supervise the model.,"Contact mode support, embodiment limits, and deployment perturbations.","Branch collapse, hidden-mode shift, and tail-risk planning failures.",Generic world models and generic uncertainty are crowded.,Tactile pretraining negative transfer keeps action-critical alternatives explicit until a physical observation collapses them.
34,doi:10.48550/arxiv.2307.15818,RT-2: Vision-Language-Action Models Transfer Web Knowledge to Robotic Control,2023,arXiv (Cornell University),https://doi.org/10.48550/arxiv.2307.15818,Addresses tactile representation learning or a neighboring robotics mechanism.,"Prior work usually predicts, ranks, filters, or imitates observed behavior rather than preserving unrealized branches.",The observed outcome is enough to supervise the model.,"Contact mode support, embodiment limits, and deployment perturbations.","Branch collapse, hidden-mode shift, and tail-risk planning failures.",Generic world models and generic uncertainty are crowded.,Tactile pretraining negative transfer keeps action-critical alternatives explicit until a physical observation collapses them.
35,arxiv:2310.15828v1,Negative Imaginary Control Using Hybrid Integrator-Gain Systems: Application to MEMS Nanopositioner,2023,arXiv,http://arxiv.org/abs/2310.15828v1,Addresses tactile representation learning or a neighboring robotics mechanism.,"Prior work usually predicts, ranks, filters, or imitates observed behavior rather than preserving unrealized branches.",The observed outcome is enough to supervise the model.,"Contact mode support, embodiment limits, and deployment perturbations.","Branch collapse, hidden-mode shift, and tail-risk planning failures.",Generic world models and generic uncertainty are crowded.,Tactile pretraining negative transfer keeps action-critical alternatives explicit until a physical observation collapses them.
36,arxiv:2405.07237v1,Soft Contact Simulation and Manipulation Learning of Deformable Objects with Vision-based Tactile Sensor,2024,arXiv,http://arxiv.org/abs/2405.07237v1,Addresses tactile representation learning or a neighboring robotics mechanism.,"Prior work usually predicts, ranks, filters, or imitates observed behavior rather than preserving unrealized branches.",The observed outcome is enough to supervise the model.,"Contact mode support, embodiment limits, and deployment perturbations.","Branch collapse, hidden-mode shift, and tail-risk planning failures.",Generic world models and generic uncertainty are crowded.,Tactile pretraining negative transfer keeps action-critical alternatives explicit until a physical observation collapses them.
37,doi:10.3390/robotics15010022,Vision-Guided Grasp Planning for Prosthetic Hands with AABB-Based Object Representation,2026,Robotics,https://doi.org/10.3390/robotics15010022,Addresses tactile representation learning or a neighboring robotics mechanism.,"Prior work usually predicts, ranks, filters, or imitates observed behavior rather than preserving unrealized branches.",The observed outcome is enough to supervise the model.,"Contact mode support, embodiment limits, and deployment perturbations.","Branch collapse, hidden-mode shift, and tail-risk planning failures.",Generic world models and generic uncertainty are crowded.,Tactile pretraining negative transfer keeps action-critical alternatives explicit until a physical observation collapses them.
38,doi:10.1109/lra.2024.3475052,Whole-Body Multi-Contact Motion Control for Humanoid Robots Based on Distributed Tactile Sensors,2024,IEEE Robotics and Automation Letters,https://doi.org/10.1109/lra.2024.3475052,Addresses tactile representation learning or a neighboring robotics mechanism.,"Prior work usually predicts, ranks, filters, or imitates observed behavior rather than preserving unrealized branches.",The observed outcome is enough to supervise the model.,"Contact mode support, embodiment limits, and deployment perturbations.","Branch collapse, hidden-mode shift, and tail-risk planning failures.",Generic world models and generic uncertainty are crowded.,Tactile pretraining negative transfer keeps action-critical alternatives explicit until a physical observation collapses them.
39,arxiv:2210.03836v1,Learning the Dynamics of Compliant Tool-Environment Interaction for Visuo-Tactile Contact Servoing,2022,arXiv,http://arxiv.org/abs/2210.03836v1,Addresses tactile representation learning or a neighboring robotics mechanism.,"Prior work usually predicts, ranks, filters, or imitates observed behavior rather than preserving unrealized branches.",The observed outcome is enough to supervise the model.,"Contact mode support, embodiment limits, and deployment perturbations.","Branch collapse, hidden-mode shift, and tail-risk planning failures.",Generic world models and generic uncertainty are crowded.,Tactile pretraining negative transfer keeps action-critical alternatives explicit until a physical observation collapses them.
40,doi:10.1109/icra55743.2025.11128094,Canonical Representation and Force-Based Pretraining of 3D Tactile for Dexterous Visuo-Tactile Policy Learning,2025,2025 IEEE International Conference on Robotics and Automation (ICRA),https://doi.org/10.1109/icra55743.2025.11128094,Addresses tactile representation learning or a neighboring robotics mechanism.,"Prior work usually predicts, ranks, filters, or imitates observed behavior rather than preserving unrealized branches.",The observed outcome is enough to supervise the model.,"Contact mode support, embodiment limits, and deployment perturbations.","Branch collapse, hidden-mode shift, and tail-risk planning failures.",Generic world models and generic uncertainty are crowded.,Tactile pretraining negative transfer keeps action-critical alternatives explicit until a physical observation collapses them.
41,doi:10.1109/lra.2023.3303830,Improving the Representation and Extraction of Contact Information in Vision-Based Tactile Sensors Using Continuous Marker Pattern,2023,IEEE Robotics and Automation Letters,https://doi.org/10.1109/lra.2023.3303830,Addresses tactile representation learning or a neighboring robotics mechanism.,"Prior work usually predicts, ranks, filters, or imitates observed behavior rather than preserving unrealized branches.",The observed outcome is enough to supervise the model.,"Contact mode support, embodiment limits, and deployment perturbations.","Branch collapse, hidden-mode shift, and tail-risk planning failures.",Generic world models and generic uncertainty are crowded.,Tactile pretraining negative transfer keeps action-critical alternatives explicit until a physical observation collapses them.
42,doi:10.18196/jrc.v6i6.27506,Survey of Bipedal Robot Control: A Functional Classification by Control Objectives,2025,Journal of Robotics and Control (JRC),https://doi.org/10.18196/jrc.v6i6.27506,Addresses tactile representation learning or a neighboring robotics mechanism.,"Prior work usually predicts, ranks, filters, or imitates observed behavior rather than preserving unrealized branches.",The observed outcome is enough to supervise the model.,"Contact mode support, embodiment limits, and deployment perturbations.","Branch collapse, hidden-mode shift, and tail-risk planning failures.",Generic world models and generic uncertainty are crowded.,Tactile pretraining negative transfer keeps action-critical alternatives explicit until a physical observation collapses them.
43,arxiv:2602.00514v2,A Low-Cost Vision-Based Tactile Gripper with Pretraining Learning for Contact-Rich Manipulation,2026,arXiv,http://arxiv.org/abs/2602.00514v2,Addresses tactile representation learning or a neighboring robotics mechanism.,"Prior work usually predicts, ranks, filters, or imitates observed behavior rather than preserving unrealized branches.",The observed outcome is enough to supervise the model.,"Contact mode support, embodiment limits, and deployment perturbations.","Branch collapse, hidden-mode shift, and tail-risk planning failures.",Generic world models and generic uncertainty are crowded.,Tactile pretraining negative transfer keeps action-critical alternatives explicit until a physical observation collapses them.
44,doi:10.3390/robotics10010032,Adaptive Position/Force Control of a Robotic Manipulator in Contact with a Flexible and Uncertain Environment,2021,Robotics,https://doi.org/10.3390/robotics10010032,Addresses tactile representation learning or a neighboring robotics mechanism.,"Prior work usually predicts, ranks, filters, or imitates observed behavior rather than preserving unrealized branches.",The observed outcome is enough to supervise the model.,"Contact mode support, embodiment limits, and deployment perturbations.","Branch collapse, hidden-mode shift, and tail-risk planning failures.",Generic world models and generic uncertainty are crowded.,Tactile pretraining negative transfer keeps action-critical alternatives explicit until a physical observation collapses them.
45,doi:10.1109/lra.2021.3139675,Unified Method for Task-Space Motion/Force/Impedance Control of Manipulator With Unknown Contact Reaction Strategy,2022,IEEE Robotics and Automation Letters,https://doi.org/10.1109/lra.2021.3139675,Addresses tactile representation learning or a neighboring robotics mechanism.,"Prior work usually predicts, ranks, filters, or imitates observed behavior rather than preserving unrealized branches.",The observed outcome is enough to supervise the model.,"Contact mode support, embodiment limits, and deployment perturbations.","Branch collapse, hidden-mode shift, and tail-risk planning failures.",Generic world models and generic uncertainty are crowded.,Tactile pretraining negative transfer keeps action-critical alternatives explicit until a physical observation collapses them.
46,doi:10.1126/scirobotics.ady2869,Visual-tactile pretraining and online multitask learning for humanlike manipulation dexterity,2026,Science Robotics,https://doi.org/10.1126/scirobotics.ady2869,Addresses tactile representation learning or a neighboring robotics mechanism.,"Prior work usually predicts, ranks, filters, or imitates observed behavior rather than preserving unrealized branches.",The observed outcome is enough to supervise the model.,"Contact mode support, embodiment limits, and deployment perturbations.","Branch collapse, hidden-mode shift, and tail-risk planning failures.",Generic world models and generic uncertainty are crowded.,Tactile pretraining negative transfer keeps action-critical alternatives explicit until a physical observation collapses them.
47,doi:10.1016/j.enbuild.2024.114135,Application of transfer learning to overcome data imbalance and extrapolation for model predictive control: A real-life case,2024,Energy and Buildings,https://doi.org/10.1016/j.enbuild.2024.114135,Addresses tactile representation learning or a neighboring robotics mechanism.,"Prior work usually predicts, ranks, filters, or imitates observed behavior rather than preserving unrealized branches.",The observed outcome is enough to supervise the model.,"Contact mode support, embodiment limits, and deployment perturbations.","Branch collapse, hidden-mode shift, and tail-risk planning failures.",Generic world models and generic uncertainty are crowded.,Tactile pretraining negative transfer keeps action-critical alternatives explicit until a physical observation collapses them.
48,doi:10.15607/rss.2024.xx.135,Tactile-Driven Non-Prehensile Object Manipulation via Extrinsic Contact Mode Control,2024,Robotics: Science and Systems XX,https://doi.org/10.15607/rss.2024.xx.135,Addresses tactile representation learning or a neighboring robotics mechanism.,"Prior work usually predicts, ranks, filters, or imitates observed behavior rather than preserving unrealized branches.",The observed outcome is enough to supervise the model.,"Contact mode support, embodiment limits, and deployment perturbations.","Branch collapse, hidden-mode shift, and tail-risk planning failures.",Generic world models and generic uncertainty are crowded.,Tactile pretraining negative transfer keeps action-critical alternatives explicit until a physical observation collapses them.
49,doi:10.15607/rss.2025.xxi.054,ViTaSCOPE: Visuo-tactile Implicit Representation for In-hand Pose and Extrinsic Contact Estimation,2025,Robotics: Science and Systems XXI,https://doi.org/10.15607/rss.2025.xxi.054,Addresses tactile representation learning or a neighboring robotics mechanism.,"Prior work usually predicts, ranks, filters, or imitates observed behavior rather than preserving unrealized branches.",The observed outcome is enough to supervise the model.,"Contact mode support, embodiment limits, and deployment perturbations.","Branch collapse, hidden-mode shift, and tail-risk planning failures.",Generic world models and generic uncertainty are crowded.,Tactile pretraining negative transfer keeps action-critical alternatives explicit until a physical observation collapses them.
50,doi:10.1002/aisy.202100047,Interactive Force Control Based on Multimodal Robot Skin for Physical Human−Robot Collaboration,2022,Advanced Intelligent Systems,https://doi.org/10.1002/aisy.202100047,Addresses tactile representation learning or a neighboring robotics mechanism.,"Prior work usually predicts, ranks, filters, or imitates observed behavior rather than preserving unrealized branches.",The observed outcome is enough to supervise the model.,"Contact mode support, embodiment limits, and deployment perturbations.","Branch collapse, hidden-mode shift, and tail-risk planning failures.",Generic world models and generic uncertainty are crowded.,Tactile pretraining negative transfer keeps action-critical alternatives explicit until a physical observation collapses them.
51,arxiv:2606.06281v1,Multi-Resolution Tactile Imitation Learning for Contact-Rich Robotic Manipulation,2026,arXiv,http://arxiv.org/abs/2606.06281v1,Addresses tactile representation learning or a neighboring robotics mechanism.,"Prior work usually predicts, ranks, filters, or imitates observed behavior rather than preserving unrealized branches.",The observed outcome is enough to supervise the model.,"Contact mode support, embodiment limits, and deployment perturbations.","Branch collapse, hidden-mode shift, and tail-risk planning failures.",Generic world models and generic uncertainty are crowded.,Tactile pretraining negative transfer keeps action-critical alternatives explicit until a physical observation collapses them.
52,arxiv:2606.11184v1,TacForeSight: Force-Guided Tactile World Model for Contact-Rich Manipulation,2026,arXiv,http://arxiv.org/abs/2606.11184v1,Addresses tactile representation learning or a neighboring robotics mechanism.,"Prior work usually predicts, ranks, filters, or imitates observed behavior rather than preserving unrealized branches.",The observed outcome is enough to supervise the model.,"Contact mode support, embodiment limits, and deployment perturbations.","Branch collapse, hidden-mode shift, and tail-risk planning failures.",Generic world models and generic uncertainty are crowded.,Tactile pretraining negative transfer keeps action-critical alternatives explicit until a physical observation collapses them.
53,arxiv:2503.17501v1,Shear-based Grasp Control for Multi-fingered Underactuated Tactile Robotic Hands,2025,arXiv,http://arxiv.org/abs/2503.17501v1,Addresses tactile representation learning or a neighboring robotics mechanism.,"Prior work usually predicts, ranks, filters, or imitates observed behavior rather than preserving unrealized branches.",The observed outcome is enough to supervise the model.,"Contact mode support, embodiment limits, and deployment perturbations.","Branch collapse, hidden-mode shift, and tail-risk planning failures.",Generic world models and generic uncertainty are crowded.,Tactile pretraining negative transfer keeps action-critical alternatives explicit until a physical observation collapses them.
54,doi:10.1007/s43154-023-00099-8,Koopman Operators for Modeling and Control of Soft Robotics,2023,Current Robotics Reports,https://doi.org/10.1007/s43154-023-00099-8,Addresses tactile representation learning or a neighboring robotics mechanism.,"Prior work usually predicts, ranks, filters, or imitates observed behavior rather than preserving unrealized branches.",The observed outcome is enough to supervise the model.,"Contact mode support, embodiment limits, and deployment perturbations.","Branch collapse, hidden-mode shift, and tail-risk planning failures.",Generic world models and generic uncertainty are crowded.,Tactile pretraining negative transfer keeps action-critical alternatives explicit until a physical observation collapses them.
55,arxiv:2205.06539v1,Reduced modelling and optimal control of epidemiological individual-based models with contact heterogeneity,2022,arXiv,http://arxiv.org/abs/2205.06539v1,Addresses tactile representation learning or a neighboring robotics mechanism.,"Prior work usually predicts, ranks, filters, or imitates observed behavior rather than preserving unrealized branches.",The observed outcome is enough to supervise the model.,"Contact mode support, embodiment limits, and deployment perturbations.","Branch collapse, hidden-mode shift, and tail-risk planning failures.",Generic world models and generic uncertainty are crowded.,Tactile pretraining negative transfer keeps action-critical alternatives explicit until a physical observation collapses them.
56,doi:10.1002/rnc.6582,Dual‐mode robust model predictive control for the tracking control of nonholonomic mobile robot,2023,International Journal of Robust and Nonlinear Control,https://doi.org/10.1002/rnc.6582,Addresses tactile representation learning or a neighboring robotics mechanism.,"Prior work usually predicts, ranks, filters, or imitates observed behavior rather than preserving unrealized branches.",The observed outcome is enough to supervise the model.,"Contact mode support, embodiment limits, and deployment perturbations.","Branch collapse, hidden-mode shift, and tail-risk planning failures.",Generic world models and generic uncertainty are crowded.,Tactile pretraining negative transfer keeps action-critical alternatives explicit until a physical observation collapses them.
57,arxiv:2310.10509v1,Efficient Sim-to-real Transfer of Contact-Rich Manipulation Skills with Online Admittance Residual Learning,2023,arXiv,http://arxiv.org/abs/2310.10509v1,Addresses tactile representation learning or a neighboring robotics mechanism.,"Prior work usually predicts, ranks, filters, or imitates observed behavior rather than preserving unrealized branches.",The observed outcome is enough to supervise the model.,"Contact mode support, embodiment limits, and deployment perturbations.","Branch collapse, hidden-mode shift, and tail-risk planning failures.",Generic world models and generic uncertainty are crowded.,Tactile pretraining negative transfer keeps action-critical alternatives explicit until a physical observation collapses them.
58,arxiv:2511.03002v2,Robust reduced-order model predictive control using peak-to-peak analysis of filtered signals,2025,arXiv,http://arxiv.org/abs/2511.03002v2,Addresses tactile representation learning or a neighboring robotics mechanism.,"Prior work usually predicts, ranks, filters, or imitates observed behavior rather than preserving unrealized branches.",The observed outcome is enough to supervise the model.,"Contact mode support, embodiment limits, and deployment perturbations.","Branch collapse, hidden-mode shift, and tail-risk planning failures.",Generic world models and generic uncertainty are crowded.,Tactile pretraining negative transfer keeps action-critical alternatives explicit until a physical observation collapses them.
59,arxiv:2506.16555v1,An Optimization-Augmented Control Framework for Single and Coordinated Multi-Arm Robotic Manipulation,2025,arXiv,http://arxiv.org/abs/2506.16555v1,Addresses tactile representation learning or a neighboring robotics mechanism.,"Prior work usually predicts, ranks, filters, or imitates observed behavior rather than preserving unrealized branches.",The observed outcome is enough to supervise the model.,"Contact mode support, embodiment limits, and deployment perturbations.","Branch collapse, hidden-mode shift, and tail-risk planning failures.",Generic world models and generic uncertainty are crowded.,Tactile pretraining negative transfer keeps action-critical alternatives explicit until a physical observation collapses them.
60,doi:10.1115/dscc2020-3210,An Online Transfer Learning Approach for Identification and Predictive Control Design With Application to RCCI Engines,2020,Volume 1: Adaptive/Intelligent Sys. Control; Driver Assistance/Autonomous Tech.; Control Design Methods; Nonlinear Control; Robotics; Assistive/Rehabilitation Devices; Biomedical/Neural Systems; Building Energy Systems; Connected Vehicle Systems; Control/Estimation of Energy Systems; Control Apps.; Smart Buildings/Microgrids; Education; Human-Robot Systems; Soft Mechatronics/Robotic Components/Systems; Energy/Power Systems; Energy Storage; Estimation/Identification; Vehicle Efficiency/Emissions,https://doi.org/10.1115/dscc2020-3210,Addresses tactile representation learning or a neighboring robotics mechanism.,"Prior work usually predicts, ranks, filters, or imitates observed behavior rather than preserving unrealized branches.",The observed outcome is enough to supervise the model.,"Contact mode support, embodiment limits, and deployment perturbations.","Branch collapse, hidden-mode shift, and tail-risk planning failures.",Generic world models and generic uncertainty are crowded.,Tactile pretraining negative transfer keeps action-critical alternatives explicit until a physical observation collapses them.
61,doi:10.3389/frsgr.2023.1188074,Model predictive control–based robust-control strategy of distribution control for a grid-connected AC microgrid,2023,Frontiers in Smart Grids,https://doi.org/10.3389/frsgr.2023.1188074,Addresses tactile representation learning or a neighboring robotics mechanism.,"Prior work usually predicts, ranks, filters, or imitates observed behavior rather than preserving unrealized branches.",The observed outcome is enough to supervise the model.,"Contact mode support, embodiment limits, and deployment perturbations.","Branch collapse, hidden-mode shift, and tail-risk planning failures.",Generic world models and generic uncertainty are crowded.,Tactile pretraining negative transfer keeps action-critical alternatives explicit until a physical observation collapses them.
62,doi:10.1109/lra.2022.3186635,Generalizable Task Planning Through Representation Pretraining,2022,IEEE Robotics and Automation Letters,https://doi.org/10.1109/lra.2022.3186635,Addresses tactile representation learning or a neighboring robotics mechanism.,"Prior work usually predicts, ranks, filters, or imitates observed behavior rather than preserving unrealized branches.",The observed outcome is enough to supervise the model.,"Contact mode support, embodiment limits, and deployment perturbations.","Branch collapse, hidden-mode shift, and tail-risk planning failures.",Generic world models and generic uncertainty are crowded.,Tactile pretraining negative transfer keeps action-critical alternatives explicit until a physical observation collapses them.
63,doi:10.1089/soro.2016.0028,Tactile Sensing with Whiskers of Various Shapes: Determining the Three-Dimensional Location of Object Contact Based on Mechanical Signals at the Whisker Base,2017,Soft Robotics,https://doi.org/10.1089/soro.2016.0028,Addresses tactile representation learning or a neighboring robotics mechanism.,"Prior work usually predicts, ranks, filters, or imitates observed behavior rather than preserving unrealized branches.",The observed outcome is enough to supervise the model.,"Contact mode support, embodiment limits, and deployment perturbations.","Branch collapse, hidden-mode shift, and tail-risk planning failures.",Generic world models and generic uncertainty are crowded.,Tactile pretraining negative transfer keeps action-critical alternatives explicit until a physical observation collapses them.
64,doi:10.1109/iros58592.2024.10801764,RTTF: Rapid Tactile Transfer Framework for Contact-Rich Manipulation Tasks,2024,2024 IEEE/RSJ International Conference on Intelligent Robots and Systems (IROS),https://doi.org/10.1109/iros58592.2024.10801764,Addresses tactile representation learning or a neighboring robotics mechanism.,"Prior work usually predicts, ranks, filters, or imitates observed behavior rather than preserving unrealized branches.",The observed outcome is enough to supervise the model.,"Contact mode support, embodiment limits, and deployment perturbations.","Branch collapse, hidden-mode shift, and tail-risk planning failures.",Generic world models and generic uncertainty are crowded.,Tactile pretraining negative transfer keeps action-critical alternatives explicit until a physical observation collapses them.
65,doi:10.1002/asjc.70001,Output‐constrained adaptive optimal control for physical human–robot interaction using electromyography signals,2025,Asian Journal of Control,https://doi.org/10.1002/asjc.70001,Addresses tactile representation learning or a neighboring robotics mechanism.,"Prior work usually predicts, ranks, filters, or imitates observed behavior rather than preserving unrealized branches.",The observed outcome is enough to supervise the model.,"Contact mode support, embodiment limits, and deployment perturbations.","Branch collapse, hidden-mode shift, and tail-risk planning failures.",Generic world models and generic uncertainty are crowded.,Tactile pretraining negative transfer keeps action-critical alternatives explicit until a physical observation collapses them.
66,doi:10.1109/lra.2021.3131750,Model Predictive Control and Transfer Learning of Hybrid Systems Using Lifting Linearization Applied to Cable Suspension Systems,2022,IEEE Robotics and Automation Letters,https://doi.org/10.1109/lra.2021.3131750,Addresses tactile representation learning or a neighboring robotics mechanism.,"Prior work usually predicts, ranks, filters, or imitates observed behavior rather than preserving unrealized branches.",The observed outcome is enough to supervise the model.,"Contact mode support, embodiment limits, and deployment perturbations.","Branch collapse, hidden-mode shift, and tail-risk planning failures.",Generic world models and generic uncertainty are crowded.,Tactile pretraining negative transfer keeps action-critical alternatives explicit until a physical observation collapses them.
67,doi:10.1049/cth2.12709,A linear MPC with control barrier functions for differential drive robots,2024,IET Control Theory & Applications,https://doi.org/10.1049/cth2.12709,Addresses tactile representation learning or a neighboring robotics mechanism.,"Prior work usually predicts, ranks, filters, or imitates observed behavior rather than preserving unrealized branches.",The observed outcome is enough to supervise the model.,"Contact mode support, embodiment limits, and deployment perturbations.","Branch collapse, hidden-mode shift, and tail-risk planning failures.",Generic world models and generic uncertainty are crowded.,Tactile pretraining negative transfer keeps action-critical alternatives explicit until a physical observation collapses them.
68,arxiv:2509.17812v2,Tac2Motion: Contact-Aware Reinforcement Learning with Tactile Feedback for Robotic Hand Manipulation,2025,arXiv,http://arxiv.org/abs/2509.17812v2,Addresses tactile representation learning or a neighboring robotics mechanism.,"Prior work usually predicts, ranks, filters, or imitates observed behavior rather than preserving unrealized branches.",The observed outcome is enough to supervise the model.,"Contact mode support, embodiment limits, and deployment perturbations.","Branch collapse, hidden-mode shift, and tail-risk planning failures.",Generic world models and generic uncertainty are crowded.,Tactile pretraining negative transfer keeps action-critical alternatives explicit until a physical observation collapses them.
69,arxiv:2506.19850v1,Unified Vision-Language-Action Model,2025,arXiv,http://arxiv.org/abs/2506.19850v1,Addresses tactile representation learning or a neighboring robotics mechanism.,"Prior work usually predicts, ranks, filters, or imitates observed behavior rather than preserving unrealized branches.",The observed outcome is enough to supervise the model.,"Contact mode support, embodiment limits, and deployment perturbations.","Branch collapse, hidden-mode shift, and tail-risk planning failures.",Generic world models and generic uncertainty are crowded.,Tactile pretraining negative transfer keeps action-critical alternatives explicit until a physical observation collapses them.
70,doi:10.3390/biomimetics8050398,Modeling Contact Stiffness of Soft Fingertips for Grasping Applications,2023,Biomimetics,https://doi.org/10.3390/biomimetics8050398,Addresses tactile representation learning or a neighboring robotics mechanism.,"Prior work usually predicts, ranks, filters, or imitates observed behavior rather than preserving unrealized branches.",The observed outcome is enough to supervise the model.,"Contact mode support, embodiment limits, and deployment perturbations.","Branch collapse, hidden-mode shift, and tail-risk planning failures.",Generic world models and generic uncertainty are crowded.,Tactile pretraining negative transfer keeps action-critical alternatives explicit until a physical observation collapses them.
71,doi:10.1109/tnsre.2024.3358491,Cross-Subject Motor Imagery Decoding by Transfer Learning of Tactile ERD,2024,IEEE Transactions on Neural Systems and Rehabilitation Engineering,https://doi.org/10.1109/tnsre.2024.3358491,Addresses tactile representation learning or a neighboring robotics mechanism.,"Prior work usually predicts, ranks, filters, or imitates observed behavior rather than preserving unrealized branches.",The observed outcome is enough to supervise the model.,"Contact mode support, embodiment limits, and deployment perturbations.","Branch collapse, hidden-mode shift, and tail-risk planning failures.",Generic world models and generic uncertainty are crowded.,Tactile pretraining negative transfer keeps action-critical alternatives explicit until a physical observation collapses them.
72,doi:10.1109/robot.2004.1308042,Control of thermal tactile display based on prediction of contact temperature,2004,"IEEE International Conference on Robotics and Automation, 2004. Proceedings. ICRA '04. 2004",https://doi.org/10.1109/robot.2004.1308042,Addresses tactile representation learning or a neighboring robotics mechanism.,"Prior work usually predicts, ranks, filters, or imitates observed behavior rather than preserving unrealized branches.",The observed outcome is enough to supervise the model.,"Contact mode support, embodiment limits, and deployment perturbations.","Branch collapse, hidden-mode shift, and tail-risk planning failures.",Generic world models and generic uncertainty are crowded.,Tactile pretraining negative transfer keeps action-critical alternatives explicit until a physical observation collapses them.
73,doi:10.1016/j.jobe.2025.113341,Transfer learning for cross-building forecasting of building energy and indoor air temperature in model predictive control applications,2025,Journal of Building Engineering,https://doi.org/10.1016/j.jobe.2025.113341,Addresses tactile representation learning or a neighboring robotics mechanism.,"Prior work usually predicts, ranks, filters, or imitates observed behavior rather than preserving unrealized branches.",The observed outcome is enough to supervise the model.,"Contact mode support, embodiment limits, and deployment perturbations.","Branch collapse, hidden-mode shift, and tail-risk planning failures.",Generic world models and generic uncertainty are crowded.,Tactile pretraining negative transfer keeps action-critical alternatives explicit until a physical observation collapses them.
74,doi:10.1109/iros58592.2024.10802386,Zero-Shot Transfer of a Tactile-based Continuous Force Control Policy from Simulation to Robot,2024,2024 IEEE/RSJ International Conference on Intelligent Robots and Systems (IROS),https://doi.org/10.1109/iros58592.2024.10802386,Addresses tactile representation learning or a neighboring robotics mechanism.,"Prior work usually predicts, ranks, filters, or imitates observed behavior rather than preserving unrealized branches.",The observed outcome is enough to supervise the model.,"Contact mode support, embodiment limits, and deployment perturbations.","Branch collapse, hidden-mode shift, and tail-risk planning failures.",Generic world models and generic uncertainty are crowded.,Tactile pretraining negative transfer keeps action-critical alternatives explicit until a physical observation collapses them.
75,doi:10.1016/j.rcim.2023.102573,Precise and smooth contact force control for a hybrid mobile robot used in polishing,2023,Robotics and Computer-Integrated Manufacturing,https://doi.org/10.1016/j.rcim.2023.102573,Addresses tactile representation learning or a neighboring robotics mechanism.,"Prior work usually predicts, ranks, filters, or imitates observed behavior rather than preserving unrealized branches.",The observed outcome is enough to supervise the model.,"Contact mode support, embodiment limits, and deployment perturbations.","Branch collapse, hidden-mode shift, and tail-risk planning failures.",Generic world models and generic uncertainty are crowded.,Tactile pretraining negative transfer keeps action-critical alternatives explicit until a physical observation collapses them.
76,doi:10.31763/ijrcs.v5i2.1886,Utilizing Short-Time Fourier Transform for the Diagnosis of Rotor Bar Faults in Induction Motors Under Direct Torque Control,2025,International Journal of Robotics and Control Systems,https://doi.org/10.31763/ijrcs.v5i2.1886,Addresses tactile representation learning or a neighboring robotics mechanism.,"Prior work usually predicts, ranks, filters, or imitates observed behavior rather than preserving unrealized branches.",The observed outcome is enough to supervise the model.,"Contact mode support, embodiment limits, and deployment perturbations.","Branch collapse, hidden-mode shift, and tail-risk planning failures.",Generic world models and generic uncertainty are crowded.,Tactile pretraining negative transfer keeps action-critical alternatives explicit until a physical observation collapses them.
77,doi:10.1016/j.rcim.2018.05.003,Adaptive robust control and admittance control for contact-driven robotic surface conditioning,2018,Robotics and Computer-Integrated Manufacturing,https://doi.org/10.1016/j.rcim.2018.05.003,Addresses tactile representation learning or a neighboring robotics mechanism.,"Prior work usually predicts, ranks, filters, or imitates observed behavior rather than preserving unrealized branches.",The observed outcome is enough to supervise the model.,"Contact mode support, embodiment limits, and deployment perturbations.","Branch collapse, hidden-mode shift, and tail-risk planning failures.",Generic world models and generic uncertainty are crowded.,Tactile pretraining negative transfer keeps action-critical alternatives explicit until a physical observation collapses them.
78,doi:10.18196/jrc.v5i2.20441,AI-based Bubbles Detection in the Conformal Coating for Enhanced Quality Control in Electronics Manufacturing,2024,Journal of Robotics and Control (JRC),https://doi.org/10.18196/jrc.v5i2.20441,Addresses tactile representation learning or a neighboring robotics mechanism.,"Prior work usually predicts, ranks, filters, or imitates observed behavior rather than preserving unrealized branches.",The observed outcome is enough to supervise the model.,"Contact mode support, embodiment limits, and deployment perturbations.","Branch collapse, hidden-mode shift, and tail-risk planning failures.",Generic world models and generic uncertainty are crowded.,Tactile pretraining negative transfer keeps action-critical alternatives explicit until a physical observation collapses them.
79,doi:10.1109/precede.2017.8071278,Virtual flux model predictive direct power control (VF-MPDPC) of afe rectifier with new current prediction method and negative sequence elimination,2017,2017 IEEE International Symposium on Predictive Control of Electrical Drives and Power Electronics (PRECEDE),https://doi.org/10.1109/precede.2017.8071278,Addresses tactile representation learning or a neighboring robotics mechanism.,"Prior work usually predicts, ranks, filters, or imitates observed behavior rather than preserving unrealized branches.",The observed outcome is enough to supervise the model.,"Contact mode support, embodiment limits, and deployment perturbations.","Branch collapse, hidden-mode shift, and tail-risk planning failures.",Generic world models and generic uncertainty are crowded.,Tactile pretraining negative transfer keeps action-critical alternatives explicit until a physical observation collapses them.
80,doi:10.1109/icarcv.2008.4795732,Tracking performance limitation of a linear MISO unstable system with quantized control signals,2008,"2008 10th International Conference on Control, Automation, Robotics and Vision",https://doi.org/10.1109/icarcv.2008.4795732,Addresses tactile representation learning or a neighboring robotics mechanism.,"Prior work usually predicts, ranks, filters, or imitates observed behavior rather than preserving unrealized branches.",The observed outcome is enough to supervise the model.,"Contact mode support, embodiment limits, and deployment perturbations.","Branch collapse, hidden-mode shift, and tail-risk planning failures.",Generic world models and generic uncertainty are crowded.,Tactile pretraining negative transfer keeps action-critical alternatives explicit until a physical observation collapses them.
81,doi:10.1109/70.880799,Control of contact via tactile sensing,2000,IEEE Transactions on Robotics and Automation,https://doi.org/10.1109/70.880799,Addresses tactile representation learning or a neighboring robotics mechanism.,"Prior work usually predicts, ranks, filters, or imitates observed behavior rather than preserving unrealized branches.",The observed outcome is enough to supervise the model.,"Contact mode support, embodiment limits, and deployment perturbations.","Branch collapse, hidden-mode shift, and tail-risk planning failures.",Generic world models and generic uncertainty are crowded.,Tactile pretraining negative transfer keeps action-critical alternatives explicit until a physical observation collapses them.
82,doi:10.23919/ecc64448.2024.10590785,Digital Control of Negative Imaginary Systems: A Discrete-Time Hybrid Integrator-Gain System Approach,2024,2024 European Control Conference (ECC),https://doi.org/10.23919/ecc64448.2024.10590785,Addresses tactile representation learning or a neighboring robotics mechanism.,"Prior work usually predicts, ranks, filters, or imitates observed behavior rather than preserving unrealized branches.",The observed outcome is enough to supervise the model.,"Contact mode support, embodiment limits, and deployment perturbations.","Branch collapse, hidden-mode shift, and tail-risk planning failures.",Generic world models and generic uncertainty are crowded.,Tactile pretraining negative transfer keeps action-critical alternatives explicit until a physical observation collapses them.
83,doi:10.1146/annurev.neuro.26.041002.131032,SENSORY SIGNALS IN NEURAL POPULATIONS UNDERLYING TACTILE PERCEPTION AND MANIPULATION,2004,Annual Review of Neuroscience,https://doi.org/10.1146/annurev.neuro.26.041002.131032,Addresses tactile representation learning or a neighboring robotics mechanism.,"Prior work usually predicts, ranks, filters, or imitates observed behavior rather than preserving unrealized branches.",The observed outcome is enough to supervise the model.,"Contact mode support, embodiment limits, and deployment perturbations.","Branch collapse, hidden-mode shift, and tail-risk planning failures.",Generic world models and generic uncertainty are crowded.,Tactile pretraining negative transfer keeps action-critical alternatives explicit until a physical observation collapses them.
84,doi:10.1002/oca.984,Optimal control of radiative heat transfer in glass cooling with restrictions on the temperature gradient,2012,Optimal Control Applications and Methods,https://doi.org/10.1002/oca.984,Addresses tactile representation learning or a neighboring robotics mechanism.,"Prior work usually predicts, ranks, filters, or imitates observed behavior rather than preserving unrealized branches.",The observed outcome is enough to supervise the model.,"Contact mode support, embodiment limits, and deployment perturbations.","Branch collapse, hidden-mode shift, and tail-risk planning failures.",Generic world models and generic uncertainty are crowded.,Tactile pretraining negative transfer keeps action-critical alternatives explicit until a physical observation collapses them.
85,doi:10.1177/027836499701600107,Force Tracking in Impedance Control,1997,The International Journal of Robotics Research,https://doi.org/10.1177/027836499701600107,Addresses tactile representation learning or a neighboring robotics mechanism.,"Prior work usually predicts, ranks, filters, or imitates observed behavior rather than preserving unrealized branches.",The observed outcome is enough to supervise the model.,"Contact mode support, embodiment limits, and deployment perturbations.","Branch collapse, hidden-mode shift, and tail-risk planning failures.",Generic world models and generic uncertainty are crowded.,Tactile pretraining negative transfer keeps action-critical alternatives explicit until a physical observation collapses them.
86,arxiv:2404.05051v1,Skill Transfer and Discovery for Sim-to-Real Learning: A Representation-Based Viewpoint,2024,arXiv,http://arxiv.org/abs/2404.05051v1,Addresses tactile representation learning or a neighboring robotics mechanism.,"Prior work usually predicts, ranks, filters, or imitates observed behavior rather than preserving unrealized branches.",The observed outcome is enough to supervise the model.,"Contact mode support, embodiment limits, and deployment perturbations.","Branch collapse, hidden-mode shift, and tail-risk planning failures.",Generic world models and generic uncertainty are crowded.,Tactile pretraining negative transfer keeps action-critical alternatives explicit until a physical observation collapses them.
87,doi:10.64898/2026.02.06.703926,UniFacePoint-FM: A Foundation Model for Generalizable 3D Facial Representation Learning and Multi-Attribute Prediction,,,https://doi.org/10.64898/2026.02.06.703926,Addresses tactile representation learning or a neighboring robotics mechanism.,"Prior work usually predicts, ranks, filters, or imitates observed behavior rather than preserving unrealized branches.",The observed outcome is enough to supervise the model.,"Contact mode support, embodiment limits, and deployment perturbations.","Branch collapse, hidden-mode shift, and tail-risk planning failures.",Generic world models and generic uncertainty are crowded.,Tactile pretraining negative transfer keeps action-critical alternatives explicit until a physical observation collapses them.
88,doi:10.1609/aaai.v40i8.37517,Versatile Vision-Language Model for 3D Computed Tomography,2026,Proceedings of the AAAI Conference on Artificial Intelligence,https://doi.org/10.1609/aaai.v40i8.37517,Addresses tactile representation learning or a neighboring robotics mechanism.,"Prior work usually predicts, ranks, filters, or imitates observed behavior rather than preserving unrealized branches.",The observed outcome is enough to supervise the model.,"Contact mode support, embodiment limits, and deployment perturbations.","Branch collapse, hidden-mode shift, and tail-risk planning failures.",Generic world models and generic uncertainty are crowded.,Tactile pretraining negative transfer keeps action-critical alternatives explicit until a physical observation collapses them.
89,doi:10.5194/egusphere-egu26-21700,Segmentation Model Benchmarking: A Strategic Prerequisite for Robust Geospatial Foundation Models,,,https://doi.org/10.5194/egusphere-egu26-21700,Addresses tactile representation learning or a neighboring robotics mechanism.,"Prior work usually predicts, ranks, filters, or imitates observed behavior rather than preserving unrealized branches.",The observed outcome is enough to supervise the model.,"Contact mode support, embodiment limits, and deployment perturbations.","Branch collapse, hidden-mode shift, and tail-risk planning failures.",Generic world models and generic uncertainty are crowded.,Tactile pretraining negative transfer keeps action-critical alternatives explicit until a physical observation collapses them.
90,doi:10.1002/oca.2765,Optimal control of friction coefficient in Signorini contact problems,2021,Optimal Control Applications and Methods,https://doi.org/10.1002/oca.2765,Addresses tactile representation learning or a neighboring robotics mechanism.,"Prior work usually predicts, ranks, filters, or imitates observed behavior rather than preserving unrealized branches.",The observed outcome is enough to supervise the model.,"Contact mode support, embodiment limits, and deployment perturbations.","Branch collapse, hidden-mode shift, and tail-risk planning failures.",Generic world models and generic uncertainty are crowded.,Tactile pretraining negative transfer keeps action-critical alternatives explicit until a physical observation collapses them.
91,doi:10.1515/amcs-2016-0002,"An integrodifferential approach to modeling, control, state estimation and optimization for heat transfer systems",2016,International Journal of Applied Mathematics and Computer Science,https://doi.org/10.1515/amcs-2016-0002,Addresses tactile representation learning or a neighboring robotics mechanism.,"Prior work usually predicts, ranks, filters, or imitates observed behavior rather than preserving unrealized branches.",The observed outcome is enough to supervise the model.,"Contact mode support, embodiment limits, and deployment perturbations.","Branch collapse, hidden-mode shift, and tail-risk planning failures.",Generic world models and generic uncertainty are crowded.,Tactile pretraining negative transfer keeps action-critical alternatives explicit until a physical observation collapses them.
92,doi:10.1109/iros60139.2025.11246218,Semantic-Geometric-Physical-Driven Robot Manipulation Skill Transfer via Skill Library and Tactile Representation,2025,2025 IEEE/RSJ International Conference on Intelligent Robots and Systems (IROS),https://doi.org/10.1109/iros60139.2025.11246218,Addresses tactile representation learning or a neighboring robotics mechanism.,"Prior work usually predicts, ranks, filters, or imitates observed behavior rather than preserving unrealized branches.",The observed outcome is enough to supervise the model.,"Contact mode support, embodiment limits, and deployment perturbations.","Branch collapse, hidden-mode shift, and tail-risk planning failures.",Generic world models and generic uncertainty are crowded.,Tactile pretraining negative transfer keeps action-critical alternatives explicit until a physical observation collapses them.
93,doi:10.1109/icassp55912.2026.11460391,CARE: Multi-Task Pretraining For Latent Continuous Action Representation in Robot Control,2026,"ICASSP 2026 - 2026 IEEE International Conference on Acoustics, Speech and Signal Processing (ICASSP)",https://doi.org/10.1109/icassp55912.2026.11460391,Addresses tactile representation learning or a neighboring robotics mechanism.,"Prior work usually predicts, ranks, filters, or imitates observed behavior rather than preserving unrealized branches.",The observed outcome is enough to supervise the model.,"Contact mode support, embodiment limits, and deployment perturbations.","Branch collapse, hidden-mode shift, and tail-risk planning failures.",Generic world models and generic uncertainty are crowded.,Tactile pretraining negative transfer keeps action-critical alternatives explicit until a physical observation collapses them.
94,doi:10.1088/1361-6501/ad50f8,Integral reinforcement learning-based event-triggered optimal tracking control for modular robot manipulators via non-zero-sum game,2024,Measurement Science and Technology,https://doi.org/10.1088/1361-6501/ad50f8,Addresses tactile representation learning or a neighboring robotics mechanism.,"Prior work usually predicts, ranks, filters, or imitates observed behavior rather than preserving unrealized branches.",The observed outcome is enough to supervise the model.,"Contact mode support, embodiment limits, and deployment perturbations.","Branch collapse, hidden-mode shift, and tail-risk planning failures.",Generic world models and generic uncertainty are crowded.,Tactile pretraining negative transfer keeps action-critical alternatives explicit until a physical observation collapses them.
95,doi:10.1186/s10033-025-01216-8,"Fast, Safe and Robust Motion Planning for Autonomous Vehicles Based on Robust Control Invariant Tubes",2025,Chinese Journal of Mechanical Engineering,https://doi.org/10.1186/s10033-025-01216-8,Addresses tactile representation learning or a neighboring robotics mechanism.,"Prior work usually predicts, ranks, filters, or imitates observed behavior rather than preserving unrealized branches.",The observed outcome is enough to supervise the model.,"Contact mode support, embodiment limits, and deployment perturbations.","Branch collapse, hidden-mode shift, and tail-risk planning failures.",Generic world models and generic uncertainty are crowded.,Tactile pretraining negative transfer keeps action-critical alternatives explicit until a physical observation collapses them.
96,doi:10.1049/csy2.12009,Phantom motion intent decoding for transhumeral prosthesis control with fused neuromuscular and brain wave signals,2021,IET Cyber-Systems and Robotics,https://doi.org/10.1049/csy2.12009,Addresses tactile representation learning or a neighboring robotics mechanism.,"Prior work usually predicts, ranks, filters, or imitates observed behavior rather than preserving unrealized branches.",The observed outcome is enough to supervise the model.,"Contact mode support, embodiment limits, and deployment perturbations.","Branch collapse, hidden-mode shift, and tail-risk planning failures.",Generic world models and generic uncertainty are crowded.,Tactile pretraining negative transfer keeps action-critical alternatives explicit until a physical observation collapses them.
97,doi:10.64516/6fsz9h30,Model Predictive Control for Optimized Energy Exchange Between Model Predictive Control for Optimized Energy Transfer Between Two Renewable Energy Producers and Consumers,2025,Tobruk University Journal of Engineering Sciences,https://doi.org/10.64516/6fsz9h30,Addresses tactile representation learning or a neighboring robotics mechanism.,"Prior work usually predicts, ranks, filters, or imitates observed behavior rather than preserving unrealized branches.",The observed outcome is enough to supervise the model.,"Contact mode support, embodiment limits, and deployment perturbations.","Branch collapse, hidden-mode shift, and tail-risk planning failures.",Generic world models and generic uncertainty are crowded.,Tactile pretraining negative transfer keeps action-critical alternatives explicit until a physical observation collapses them.
98,doi:10.1007/s00726-024-03422-5,LLM4THP: a computing tool to identify tumor homing peptides by molecular and sequence representation of large language model based on two-layer ensemble model strategy,2024,Amino Acids,https://doi.org/10.1007/s00726-024-03422-5,Addresses tactile representation learning or a neighboring robotics mechanism.,"Prior work usually predicts, ranks, filters, or imitates observed behavior rather than preserving unrealized branches.",The observed outcome is enough to supervise the model.,"Contact mode support, embodiment limits, and deployment perturbations.","Branch collapse, hidden-mode shift, and tail-risk planning failures.",Generic world models and generic uncertainty are crowded.,Tactile pretraining negative transfer keeps action-critical alternatives explicit until a physical observation collapses them.
99,arxiv:2603.15169v1,ForceVLA2: Unleashing Hybrid Force-Position Control with Force Awareness for Contact-Rich Manipulation,2026,arXiv,http://arxiv.org/abs/2603.15169v1,Addresses tactile representation learning or a neighboring robotics mechanism.,"Prior work usually predicts, ranks, filters, or imitates observed behavior rather than preserving unrealized branches.",The observed outcome is enough to supervise the model.,"Contact mode support, embodiment limits, and deployment perturbations.","Branch collapse, hidden-mode shift, and tail-risk planning failures.",Generic world models and generic uncertainty are crowded.,Tactile pretraining negative transfer keeps action-critical alternatives explicit until a physical observation collapses them.
100,arxiv:2502.14420v2,ChatVLA: Unified Multimodal Understanding and Robot Control with Vision-Language-Action Model,2025,arXiv,http://arxiv.org/abs/2502.14420v2,Addresses tactile representation learning or a neighboring robotics mechanism.,"Prior work usually predicts, ranks, filters, or imitates observed behavior rather than preserving unrealized branches.",The observed outcome is enough to supervise the model.,"Contact mode support, embodiment limits, and deployment perturbations.","Branch collapse, hidden-mode shift, and tail-risk planning failures.",Generic world models and generic uncertainty are crowded.,Tactile pretraining negative transfer keeps action-critical alternatives explicit until a physical observation collapses them.
